community_id,community_name,category,nearest_poi_name,nearest_distance_m,nearest_poi_lon,nearest_poi_lat
0,秋港花园,地铁站,雪象(地铁站),370.7,114.078808,22.657116
0,秋港花园,公交站,宝吉路口(公交站),160.5,114.078885,22.660434
0,秋港花园,教育设施,深圳市龙华区德风小学附属白鸽湖幼儿园,3603.7,114.087413,22.691449
0,秋港花园,医疗设施,御仁堂中医诊所,469.2,114.076739,22.660709
0,秋港花园,商业服务,优壹家便利店,91.1,114.080375,22.660475
0,秋港花园,公园绿地,宝吉公园,242.1,114.07853,22.659397
1,秋港花园A2区,地铁站,雪象(地铁站),380.6,114.078808,22.657116
1,秋港花园A2区,公交站,宝吉路口(公交站),170.5,114.078885,22.660434
1,秋港花园A2区,教育设施,深圳市龙华区德风小学附属白鸽湖幼儿园,3593.7,114.087413,22.691449
1,秋港花园A2区,医疗设施,御仁堂中医诊所,479.1,114.076739,22.660709
1,秋港花园A2区,商业服务,优壹家便利店,81.1,114.080375,22.660475
1,秋港花园A2区,公园绿地,宝吉公园,252.0,114.07853,22.659397
2,秋港花园C区,地铁站,岗头(地铁站),865.7,114.071895,22.657067
2,秋港花园C区,公交站,天安云谷(公交站),155.2,114.0685,22.66102
2,秋港花园C区,教育设施,深圳外国语学校(集团)湾区学校,962.8,114.070432,22.668388
2,秋港花园C区,医疗设施,安贝康诊所·中医科,201.2,114.068694,22.660448
2,秋港花园C区,商业服务,7-ELEVEn(天安云谷3栋店),145.2,114.068231,22.660172
2,秋港花园C区,公园绿地,极创公园,207.4,114.068337,22.661794
3,秋港花园东区,地铁站,雪象(地铁站),380.6,114.078808,22.657116
3,秋港花园东区,公交站,宝吉路口(公交站),170.5,114.078885,22.660434
3,秋港花园东区,教育设施,深圳市龙华区德风小学附属白鸽湖幼儿园,3593.7,114.087413,22.691449
3,秋港花园东区,医疗设施,御仁堂中医诊所,479.1,114.076739,22.660709
3,秋港花园东区,商业服务,优壹家便利店,81.1,114.080375,22.660475
3,秋港花园东区,公园绿地,宝吉公园,252.0,114.07853,22.659397
4,秋港花园F区,地铁站,雪象(地铁站),380.6,114.078808,22.657116
4,秋港花园F区,公交站,宝吉路口(公交站),170.5,114.078885,22.660434
4,秋港花园F区,教育设施,深圳市龙华区德风小学附属白鸽湖幼儿园,3593.7,114.087413,22.691449
4,秋港花园F区,医疗设施,御仁堂中医诊所,479.1,114.076739,22.660709
4,秋港花园F区,商业服务,优壹家便利店,81.1,114.080375,22.660475
4,秋港花园F区,公园绿地,宝吉公园,252.0,114.07853,22.659397
5,深圳外国语湾区学校教师公寓,地铁站,岗头(地铁站),865.7,114.071895,22.657067
5,深圳外国语湾区学校教师公寓,公交站,天安云谷(公交站),155.2,114.0685,22.66102
5,深圳外国语湾区学校教师公寓,教育设施,深圳外国语学校(集团)湾区学校,962.8,114.070432,22.668388
5,深圳外国语湾区学校教师公寓,医疗设施,安贝康诊所·中医科,201.2,114.068694,22.660448
5,深圳外国语湾区学校教师公寓,商业服务,7-ELEVEn(天安云谷3栋店),145.2,114.068231,22.660172
5,深圳外国语湾区学校教师公寓,公园绿地,极创公园,207.4,114.068337,22.661794
6,坂李大道256号,地铁站,雪象(地铁站),207.6,114.078808,22.657116
6,坂李大道256号,公交站,雪象地铁站(公交站),186.9,114.078308,22.657372
6,坂李大道256号,教育设施,深圳市龙华区德风小学附属白鸽湖幼儿园,3790.7,114.087413,22.691449
6,坂李大道256号,医疗设施,御仁堂中医诊所,282.1,114.076739,22.660709
6,坂李大道256号,商业服务,钱大妈(佳兆业·呈祥花园店),54.7,114.078746,22.659418
6,坂李大道256号,公园绿地,宝吉公园,55.0,114.07853,22.659397
7,广东实验中学深圳学校教师公寓,地铁站,岗头(地铁站),865.7,114.071895,22.657067
7,广东实验中学深圳学校教师公寓,公交站,天安云谷(公交站),155.2,114.0685,22.66102
7,广东实验中学深圳学校教师公寓,教育设施,深圳外国语学校(集团)湾区学校,962.8,114.070432,22.668388
7,广东实验中学深圳学校教师公寓,医疗设施,安贝康诊所·中医科,201.2,114.068694,22.660448
7,广东实验中学深圳学校教师公寓,商业服务,7-ELEVEn(天安云谷3栋店),145.2,114.068231,22.660172
7,广东实验中学深圳学校教师公寓,公园绿地,极创公园,207.4,114.068337,22.661794
8,岗头中建三局生活区,地铁站,岗头(地铁站),865.7,114.071895,22.657067
8,岗头中建三局生活区,公交站,天安云谷(公交站),155.2,114.0685,22.66102
8,岗头中建三局生活区,教育设施,深圳外国语学校(集团)湾区学校,962.8,114.070432,22.668388
8,岗头中建三局生活区,医疗设施,安贝康诊所·中医科,201.2,114.068694,22.660448
8,岗头中建三局生活区,商业服务,7-ELEVEn(天安云谷3栋店),145.2,114.068231,22.660172
8,岗头中建三局生活区,公园绿地,极创公园,207.4,114.068337,22.661794
9,中国中铁宿舍,地铁站,岗头(地铁站),865.7,114.071895,22.657067
9,中国中铁宿舍,公交站,天安云谷(公交站),155.2,114.0685,22.66102
9,中国中铁宿舍,教育设施,深圳外国语学校(集团)湾区学校,962.8,114.070432,22.668388
9,中国中铁宿舍,医疗设施,安贝康诊所·中医科,201.2,114.068694,22.660448
9,中国中铁宿舍,商业服务,7-ELEVEn(天安云谷3栋店),145.2,114.068231,22.660172
9,中国中铁宿舍,公园绿地,极创公园,207.4,114.068337,22.661794
10,华为岗头人才公寓,地铁站,岗头(地铁站),865.7,114.071895,22.657067
10,华为岗头人才公寓,公交站,天安云谷(公交站),155.2,114.0685,22.66102
10,华为岗头人才公寓,教育设施,深圳外国语学校(集团)湾区学校,962.8,114.070432,22.668388
10,华为岗头人才公寓,医疗设施,安贝康诊所·中医科,201.2,114.068694,22.660448
10,华为岗头人才公寓,商业服务,7-ELEVEn(天安云谷3栋店),145.2,114.068231,22.660172
10,华为岗头人才公寓,公园绿地,极创公园,207.4,114.068337,22.661794
11,佳兆业·中央广场三期,地铁站,雪象(地铁站),207.6,114.078808,22.657116
11,佳兆业·中央广场三期,公交站,雪象地铁站(公交站),186.9,114.078308,22.657372
11,佳兆业·中央广场三期,教育设施,深圳市龙华区德风小学附属白鸽湖幼儿园,3790.7,114.087413,22.691449
11,佳兆业·中央广场三期,医疗设施,御仁堂中医诊所,282.1,114.076739,22.660709
11,佳兆业·中央广场三期,商业服务,钱大妈(佳兆业·呈祥花园店),54.7,114.078746,22.659418
11,佳兆业·中央广场三期,公园绿地,宝吉公园,55.0,114.07853,22.659397
12,华与科工项目部生活区,地铁站,岗头(地铁站),702.6,114.071895,22.657067
12,华与科工项目部生活区,公交站,天安云谷南广场(招呼站)(公交站),159.4,114.069165,22.6587
12,华与科工项目部生活区,教育设施,深圳外国语学校(集团)湾区学校,1125.8,114.070432,22.668388
12,华与科工项目部生活区,医疗设施,安贝康诊所·中医科,223.7,114.068694,22.660448
12,华与科工项目部生活区,商业服务,7-ELEVEn(天安云谷店),42.6,114.068564,22.658989
12,华与科工项目部生活区,公园绿地,禾坪岗康乐广场,314.6,114.067862,22.656735
13,佳兆业·中央广场一期,地铁站,雪象(地铁站),207.6,114.078808,22.657116
13,佳兆业·中央广场一期,公交站,雪象地铁站(公交站),186.9,114.078308,22.657372
13,佳兆业·中央广场一期,教育设施,深圳市龙华区德风小学附属白鸽湖幼儿园,3790.7,114.087413,22.691449
13,佳兆业·中央广场一期,医疗设施,御仁堂中医诊所,282.1,114.076739,22.660709
13,佳兆业·中央广场一期,商业服务,钱大妈(佳兆业·呈祥花园店),54.7,114.078746,22.659418
13,佳兆业·中央广场一期,公园绿地,宝吉公园,55.0,114.07853,22.659397
14,香江家园,地铁站,岗头(地铁站),865.7,114.071895,22.657067
14,香江家园,公交站,天安云谷(公交站),155.2,114.0685,22.66102
14,香江家园,教育设施,深圳外国语学校(集团)湾区学校,962.8,114.070432,22.668388
14,香江家园,医疗设施,安贝康诊所·中医科,201.2,114.068694,22.660448
14,香江家园,商业服务,7-ELEVEn(天安云谷3栋店),145.2,114.068231,22.660172
14,香江家园,公园绿地,极创公园,207.4,114.068337,22.661794
15,景和源工业区C栋宿舍,地铁站,雪象(地铁站),207.6,114.078808,22.657116
15,景和源工业区C栋宿舍,公交站,雪象地铁站(公交站),186.9,114.078308,22.657372
15,景和源工业区C栋宿舍,教育设施,深圳市龙华区德风小学附属白鸽湖幼儿园,3790.7,114.087413,22.691449
15,景和源工业区C栋宿舍,医疗设施,御仁堂中医诊所,282.1,114.076739,22.660709
15,景和源工业区C栋宿舍,商业服务,钱大妈(佳兆业·呈祥花园店),54.7,114.078746,22.659418
15,景和源工业区C栋宿舍,公园绿地,宝吉公园,55.0,114.07853,22.659397
16,华为金园公寓,地铁站,岗头(地铁站),865.7,114.071895,22.657067
16,华为金园公寓,公交站,天安云谷(公交站),155.2,114.0685,22.66102
16,华为金园公寓,教育设施,深圳外国语学校(集团)湾区学校,962.8,114.070432,22.668388
16,华为金园公寓,医疗设施,安贝康诊所·中医科,201.2,114.068694,22.660448
16,华为金园公寓,商业服务,7-ELEVEn(天安云谷3栋店),145.2,114.068231,22.660172
16,华为金园公寓,公园绿地,极创公园,207.4,114.068337,22.661794
17,佳兆业·中央广场,地铁站,雪象(地铁站),207.6,114.078808,22.657116
17,佳兆业·中央广场,公交站,雪象地铁站(公交站),186.9,114.078308,22.657372
17,佳兆业·中央广场,教育设施,深圳市龙华区德风小学附属白鸽湖幼儿园,3790.7,114.087413,22.691449
17,佳兆业·中央广场,医疗设施,御仁堂中医诊所,282.1,114.076739,22.660709
17,佳兆业·中央广场,商业服务,钱大妈(佳兆业·呈祥花园店),54.7,114.078746,22.659418
17,佳兆业·中央广场,公园绿地,宝吉公园,55.0,114.07853,22.659397
18,舜杰生活区,地铁站,岗头(地铁站),626.1,114.071895,22.657067
18,舜杰生活区,公交站,天安云谷南广场(招呼站)(公交站),82.9,114.069165,22.6587
18,舜杰生活区,教育设施,深圳外国语学校(集团)湾区学校,1202.4,114.070432,22.668388
18,舜杰生活区,医疗设施,深圳归朴堂天安中医(综合)诊所,255.3,114.070836,22.658998
18,舜杰生活区,商业服务,7-ELEVEn(天安云谷店),119.1,114.068564,22.658989
18,舜杰生活区,公园绿地,禾坪岗康乐广场,238.0,114.067862,22.656735
19,佳兆业·呈祥花园一期,地铁站,雪象(地铁站),359.6,114.078808,22.657116
19,佳兆业·呈祥花园一期,公交站,宝吉路口(公交站),149.4,114.078885,22.660434
19,佳兆业·呈祥花园一期,教育设施,深圳市龙华区德风小学附属白鸽湖幼儿园,3614.8,114.087413,22.691449
19,佳兆业·呈祥花园一期,医疗设施,御仁堂中医诊所,458.1,114.076739,22.660709
19,佳兆业·呈祥花园一期,商业服务,沙县小吃(呈祥花园分店),99.2,114.079317,22.660217
19,佳兆业·呈祥花园一期,公园绿地,宝吉公园,231.0,114.07853,22.659397
20,佳兆业·中央广场二期,地铁站,雪象(地铁站),207.6,114.078808,22.657116
20,佳兆业·中央广场二期,公交站,雪象地铁站(公交站),186.9,114.078308,22.657372
20,佳兆业·中央广场二期,教育设施,深圳市龙华区德风小学附属白鸽湖幼儿园,3790.7,114.087413,22.691449
20,佳兆业·中央广场二期,医疗设施,御仁堂中医诊所,282.1,114.076739,22.660709
20,佳兆业·中央广场二期,商业服务,钱大妈(佳兆业·呈祥花园店),54.7,114.078746,22.659418
20,佳兆业·中央广场二期,公园绿地,宝吉公园,55.0,114.07853,22.659397
21,水塘宿舍,地铁站,岗头(地铁站),865.7,114.071895,22.657067
21,水塘宿舍,公交站,天安云谷(公交站),155.2,114.0685,22.66102
21,水塘宿舍,教育设施,深圳外国语学校(集团)湾区学校,962.8,114.070432,22.668388
21,水塘宿舍,医疗设施,安贝康诊所·中医科,201.2,114.068694,22.660448
21,水塘宿舍,商业服务,7-ELEVEn(天安云谷3栋店),145.2,114.068231,22.660172
21,水塘宿舍,公园绿地,极创公园,207.4,114.068337,22.661794
22,佳兆业·呈祥花园二期,地铁站,雪象(地铁站),514.7,114.078808,22.657116
22,佳兆业·呈祥花园二期,公交站,呈祥花园(公交站),167.7,114.081356,22.660447
22,佳兆业·呈祥花园二期,教育设施,深圳市龙华区德风小学附属白鸽湖幼儿园,3698.2,114.087413,22.691449
22,佳兆业·呈祥花园二期,医疗设施,深圳广全门诊部,564.2,114.082771,22.657784
22,佳兆业·呈祥花园二期,商业服务,优壹家便利店,201.7,114.080375,22.660475
22,佳兆业·呈祥花园二期,公园绿地,宝吉公园,386.1,114.07853,22.659397
23,佳兆业·城市广场2期,地铁站,岗头(地铁站),316.4,114.071895,22.657067
23,佳兆业·城市广场2期,公交站,城市山海云汇(公交站),247.9,114.072973,22.656845
23,佳兆业·城市广场2期,教育设施,深圳市龙岗区坂田长青幼儿园,1695.2,114.073709,22.645689
23,佳兆业·城市广场2期,医疗设施,深圳王昌丽诊所,144.4,114.070826,22.655645
23,佳兆业·城市广场2期,商业服务,全好佳超市,111.2,114.071275,22.654025
23,佳兆业·城市广场2期,公园绿地,禾坪岗康乐广场,565.6,114.067862,22.656735
24,佳兆业·中央广场5期,地铁站,雪象(地铁站),207.6,114.078808,22.657116
24,佳兆业·中央广场5期,公交站,雪象地铁站(公交站),186.9,114.078308,22.657372
24,佳兆业·中央广场5期,教育设施,深圳市龙华区德风小学附属白鸽湖幼儿园,3790.7,114.087413,22.691449
24,佳兆业·中央广场5期,医疗设施,御仁堂中医诊所,282.1,114.076739,22.660709
24,佳兆业·中央广场5期,商业服务,钱大妈(佳兆业·呈祥花园店),54.7,114.078746,22.659418
24,佳兆业·中央广场5期,公园绿地,宝吉公园,55.0,114.07853,22.659397
25,坂田雪象(坂雪岗大道店),地铁站,雪象(地铁站),207.6,114.078808,22.657116
25,坂田雪象(坂雪岗大道店),公交站,雪象地铁站(公交站),186.9,114.078308,22.657372
25,坂田雪象(坂雪岗大道店),教育设施,深圳市龙华区德风小学附属白鸽湖幼儿园,3790.7,114.087413,22.691449
25,坂田雪象(坂雪岗大道店),医疗设施,御仁堂中医诊所,282.1,114.076739,22.660709
25,坂田雪象(坂雪岗大道店),商业服务,钱大妈(佳兆业·呈祥花园店),54.7,114.078746,22.659418
25,坂田雪象(坂雪岗大道店),公园绿地,宝吉公园,55.0,114.07853,22.659397
26,云望府,地铁站,岗头(地铁站),201.2,114.071895,22.657067
26,云望府,公交站,岗头地铁站(公交站),168.9,114.071611,22.656866
26,云望府,教育设施,深圳外国语学校(集团)湾区学校,1627.2,114.070432,22.668388
26,云望府,医疗设施,深圳王昌丽诊所,29.2,114.070826,22.655645
26,云望府,商业服务,深安商行,53.7,114.070509,22.655312
26,云望府,公园绿地,禾坪岗康乐广场,450.5,114.067862,22.656735
27,影儿国际B栋宿舍楼,地铁站,雪象(地铁站),387.4,114.078808,22.657116
27,影儿国际B栋宿舍楼,公交站,呈祥花园(公交站),166.6,114.081356,22.660447
27,影儿国际B栋宿舍楼,教育设施,深圳市龙华区德风小学附属白鸽湖幼儿园,3587.0,114.087413,22.691449
27,影儿国际B栋宿舍楼,医疗设施,御仁堂中医诊所,485.9,114.076739,22.660709
27,影儿国际B栋宿舍楼,商业服务,优壹家便利店,74.4,114.080375,22.660475
27,影儿国际B栋宿舍楼,公园绿地,宝吉公园,258.8,114.07853,22.659397
28,宝能华佳公寓,地铁站,岗头(地铁站),865.7,114.071895,22.657067
28,宝能华佳公寓,公交站,天安云谷(公交站),155.2,114.0685,22.66102
28,宝能华佳公寓,教育设施,深圳外国语学校(集团)湾区学校,962.8,114.070432,22.668388
28,宝能华佳公寓,医疗设施,安贝康诊所·中医科,201.2,114.068694,22.660448
28,宝能华佳公寓,商业服务,7-ELEVEn(天安云谷3栋店),145.2,114.068231,22.660172
28,宝能华佳公寓,公园绿地,极创公园,207.4,114.068337,22.661794
29,和成天下,地铁站,雪象(地铁站),387.4,114.078808,22.657116
29,和成天下,公交站,呈祥花园(公交站),166.6,114.081356,22.660447
29,和成天下,教育设施,深圳市龙华区德风小学附属白鸽湖幼儿园,3587.0,114.087413,22.691449
29,和成天下,医疗设施,御仁堂中医诊所,485.9,114.076739,22.660709
29,和成天下,商业服务,优壹家便利店,74.4,114.080375,22.660475
29,和成天下,公园绿地,宝吉公园,258.8,114.07853,22.659397
30,上围南四巷19号,地铁站,雪象(地铁站),395.5,114.078808,22.657116
30,上围南四巷19号,公交站,呈祥花园(公交站),158.5,114.081356,22.660447
30,上围南四巷19号,教育设施,深圳市龙华区德风小学附属白鸽湖幼儿园,3578.9,114.087413,22.691449
30,上围南四巷19号,医疗设施,御仁堂中医诊所,494.0,114.076739,22.660709
30,上围南四巷19号,商业服务,优壹家便利店,82.5,114.080375,22.660475
30,上围南四巷19号,公园绿地,宝吉公园,266.8,114.07853,22.659397
31,上围艺术村南2巷27号,地铁站,雪象(地铁站),395.5,114.078808,22.657116
31,上围艺术村南2巷27号,公交站,呈祥花园(公交站),158.5,114.081356,22.660447
31,上围艺术村南2巷27号,教育设施,深圳市龙华区德风小学附属白鸽湖幼儿园,3578.9,114.087413,22.691449
31,上围艺术村南2巷27号,医疗设施,御仁堂中医诊所,494.0,114.076739,22.660709
31,上围艺术村南2巷27号,商业服务,优壹家便利店,82.5,114.080375,22.660475
31,上围艺术村南2巷27号,公园绿地,宝吉公园,266.8,114.07853,22.659397
32,金荣达荣寓,地铁站,岗头(地铁站),865.7,114.071895,22.657067
32,金荣达荣寓,公交站,天安云谷(公交站),155.2,114.0685,22.66102
32,金荣达荣寓,教育设施,深圳外国语学校(集团)湾区学校,962.8,114.070432,22.668388
32,金荣达荣寓,医疗设施,安贝康诊所·中医科,201.2,114.068694,22.660448
32,金荣达荣寓,商业服务,7-ELEVEn(天安云谷3栋店),145.2,114.068231,22.660172
32,金荣达荣寓,公园绿地,极创公园,207.4,114.068337,22.661794
33,盛世麒麟,地铁站,岗头(地铁站),201.2,114.071895,22.657067
33,盛世麒麟,公交站,岗头地铁站(公交站),168.9,114.071611,22.656866
33,盛世麒麟,教育设施,深圳外国语学校(集团)湾区学校,1627.2,114.070432,22.668388
33,盛世麒麟,医疗设施,深圳王昌丽诊所,29.2,114.070826,22.655645
33,盛世麒麟,商业服务,深安商行,53.7,114.070509,22.655312
33,盛世麒麟,公园绿地,禾坪岗康乐广场,450.5,114.067862,22.656735
34,鄰里(龙岗区),地铁站,雪象(地铁站),207.6,114.078808,22.657116
34,鄰里(龙岗区),公交站,雪象地铁站(公交站),186.9,114.078308,22.657372
34,鄰里(龙岗区),教育设施,深圳市龙华区德风小学附属白鸽湖幼儿园,3790.7,114.087413,22.691449
34,鄰里(龙岗区),医疗设施,御仁堂中医诊所,282.1,114.076739,22.660709
34,鄰里(龙岗区),商业服务,钱大妈(佳兆业·呈祥花园店),54.7,114.078746,22.659418
34,鄰里(龙岗区),公园绿地,宝吉公园,55.0,114.07853,22.659397
35,碧家未来城,地铁站,岗头(地铁站),3354.3,114.071895,22.657067
35,碧家未来城,公交站,坂田中浩园东苑总站(公交站),336.2,114.080019,22.6521
35,碧家未来城,教育设施,立雪小学,578.1,114.080063,22.650838
35,碧家未来城,医疗设施,深圳五知堂诊所,86.4,114.078719,22.653195
35,碧家未来城,商业服务,邻家优选生活超市(坂田店),45.5,114.078333,22.652579
35,碧家未来城,公园绿地,雪象社区居委广场,147.3,114.076837,22.653441
36,航嘉工业园宿舍,地铁站,雪象(地铁站),870.2,114.078808,22.657116
36,航嘉工业园宿舍,公交站,呈祥花园(公交站),523.1,114.081356,22.660447
36,航嘉工业园宿舍,教育设施,深圳市龙华区德风小学附属白鸽湖幼儿园,4053.6,114.087413,22.691449
36,航嘉工业园宿舍,医疗设施,深圳广全门诊部,208.7,114.082771,22.657784
36,航嘉工业园宿舍,商业服务,京东便利店(航嘉工业园店),126.5,114.081444,22.656071
36,航嘉工业园宿舍,公园绿地,宝吉公园,741.6,114.07853,22.659397
37,华为研发宿舍,地铁站,岗头(地铁站),316.4,114.071895,22.657067
37,华为研发宿舍,公交站,城市山海云汇(公交站),247.9,114.072973,22.656845
37,华为研发宿舍,教育设施,深圳市龙岗区坂田长青幼儿园,1695.2,114.073709,22.645689
37,华为研发宿舍,医疗设施,深圳王昌丽诊所,144.4,114.070826,22.655645
37,华为研发宿舍,商业服务,全好佳超市,111.2,114.071275,22.654025
37,华为研发宿舍,公园绿地,禾坪岗康乐广场,565.6,114.067862,22.656735
38,樟坑径上围新村,地铁站,雪象(地铁站),387.4,114.078808,22.657116
38,樟坑径上围新村,公交站,呈祥花园(公交站),166.6,114.081356,22.660447
38,樟坑径上围新村,教育设施,深圳市龙华区德风小学附属白鸽湖幼儿园,3587.0,114.087413,22.691449
38,樟坑径上围新村,医疗设施,御仁堂中医诊所,485.9,114.076739,22.660709
38,樟坑径上围新村,商业服务,优壹家便利店,74.4,114.080375,22.660475
38,樟坑径上围新村,公园绿地,宝吉公园,258.8,114.07853,22.659397
39,国药集团致君(深圳)制药有限公司宿舍楼,地铁站,岗头(地铁站),865.7,114.071895,22.657067
39,国药集团致君(深圳)制药有限公司宿舍楼,公交站,天安云谷(公交站),155.2,114.0685,22.66102
39,国药集团致君(深圳)制药有限公司宿舍楼,教育设施,深圳外国语学校(集团)湾区学校,962.8,114.070432,22.668388
39,国药集团致君(深圳)制药有限公司宿舍楼,医疗设施,安贝康诊所·中医科,201.2,114.068694,22.660448
39,国药集团致君(深圳)制药有限公司宿舍楼,商业服务,7-ELEVEn(天安云谷3栋店),145.2,114.068231,22.660172
39,国药集团致君(深圳)制药有限公司宿舍楼,公园绿地,极创公园,207.4,114.068337,22.661794
40,上围路宝业路52号,地铁站,雪象(地铁站),395.5,114.078808,22.657116
40,上围路宝业路52号,公交站,呈祥花园(公交站),158.5,114.081356,22.660447
40,上围路宝业路52号,教育设施,深圳市龙华区德风小学附属白鸽湖幼儿园,3578.9,114.087413,22.691449
40,上围路宝业路52号,医疗设施,御仁堂中医诊所,494.0,114.076739,22.660709
40,上围路宝业路52号,商业服务,优壹家便利店,82.5,114.080375,22.660475
40,上围路宝业路52号,公园绿地,宝吉公园,266.8,114.07853,22.659397
41,明兴苑,地铁站,岗头(地铁站),626.1,114.071895,22.657067
41,明兴苑,公交站,天安云谷南广场(招呼站)(公交站),82.9,114.069165,22.6587
41,明兴苑,教育设施,深圳外国语学校(集团)湾区学校,1202.4,114.070432,22.668388
41,明兴苑,医疗设施,深圳归朴堂天安中医(综合)诊所,255.3,114.070836,22.658998
41,明兴苑,商业服务,7-ELEVEn(天安云谷店),119.1,114.068564,22.658989
41,明兴苑,公园绿地,禾坪岗康乐广场,238.0,114.067862,22.656735
42,桃园三章(岗头店),地铁站,岗头(地铁站),626.1,114.071895,22.657067
42,桃园三章(岗头店),公交站,天安云谷南广场(招呼站)(公交站),82.9,114.069165,22.6587
42,桃园三章(岗头店),教育设施,深圳外国语学校(集团)湾区学校,1202.4,114.070432,22.668388
42,桃园三章(岗头店),医疗设施,深圳归朴堂天安中医(综合)诊所,255.3,114.070836,22.658998
42,桃园三章(岗头店),商业服务,7-ELEVEn(天安云谷店),119.1,114.068564,22.658989
42,桃园三章(岗头店),公园绿地,禾坪岗康乐广场,238.0,114.067862,22.656735
43,宝业路46号,地铁站,雪象(地铁站),395.5,114.078808,22.657116
43,宝业路46号,公交站,呈祥花园(公交站),158.5,114.081356,22.660447
43,宝业路46号,教育设施,深圳市龙华区德风小学附属白鸽湖幼儿园,3578.9,114.087413,22.691449
43,宝业路46号,医疗设施,御仁堂中医诊所,494.0,114.076739,22.660709
43,宝业路46号,商业服务,优壹家便利店,82.5,114.080375,22.660475
43,宝业路46号,公园绿地,宝吉公园,266.8,114.07853,22.659397
44,福华楼,地铁站,岗头(地铁站),493.6,114.071895,22.657067
44,福华楼,公交站,天安云谷南广场(招呼站)(公交站),215.3,114.069165,22.6587
44,福华楼,教育设施,深圳外国语学校(集团)湾区学校,1334.8,114.070432,22.668388
44,福华楼,医疗设施,肖传国医院,276.4,114.070601,22.656664
44,福华楼,商业服务,美宜佳(江南时代大厦店),146.2,114.069684,22.656215
44,福华楼,公园绿地,禾坪岗康乐广场,158.0,114.067862,22.656735
45,深圳市唯真电机有限公司宿舍,地铁站,雪象(地铁站),870.2,114.078808,22.657116
45,深圳市唯真电机有限公司宿舍,公交站,呈祥花园(公交站),523.1,114.081356,22.660447
45,深圳市唯真电机有限公司宿舍,教育设施,深圳市龙华区德风小学附属白鸽湖幼儿园,4053.6,114.087413,22.691449
45,深圳市唯真电机有限公司宿舍,医疗设施,深圳广全门诊部,208.7,114.082771,22.657784
45,深圳市唯真电机有限公司宿舍,商业服务,京东便利店(航嘉工业园店),126.5,114.081444,22.656071
45,深圳市唯真电机有限公司宿舍,公园绿地,宝吉公园,741.6,114.07853,22.659397
46,里寓,地铁站,雪象(地铁站),387.4,114.078808,22.657116
46,里寓,公交站,呈祥花园(公交站),166.6,114.081356,22.660447
46,里寓,教育设施,深圳市龙华区德风小学附属白鸽湖幼儿园,3587.0,114.087413,22.691449
46,里寓,医疗设施,御仁堂中医诊所,485.9,114.076739,22.660709
46,里寓,商业服务,优壹家便利店,74.4,114.080375,22.660475
46,里寓,公园绿地,宝吉公园,258.8,114.07853,22.659397
47,宝业路24号,地铁站,雪象(地铁站),395.5,114.078808,22.657116
47,宝业路24号,公交站,呈祥花园(公交站),158.5,114.081356,22.660447
47,宝业路24号,教育设施,深圳市龙华区德风小学附属白鸽湖幼儿园,3578.9,114.087413,22.691449
47,宝业路24号,医疗设施,御仁堂中医诊所,494.0,114.076739,22.660709
47,宝业路24号,商业服务,优壹家便利店,82.5,114.080375,22.660475
47,宝业路24号,公园绿地,宝吉公园,266.8,114.07853,22.659397
48,哈德胜A3栋宿舍,地铁站,岗头(地铁站),865.7,114.071895,22.657067
48,哈德胜A3栋宿舍,公交站,天安云谷(公交站),155.2,114.0685,22.66102
48,哈德胜A3栋宿舍,教育设施,深圳外国语学校(集团)湾区学校,962.8,114.070432,22.668388
48,哈德胜A3栋宿舍,医疗设施,安贝康诊所·中医科,201.2,114.068694,22.660448
48,哈德胜A3栋宿舍,商业服务,7-ELEVEn(天安云谷3栋店),145.2,114.068231,22.660172
48,哈德胜A3栋宿舍,公园绿地,极创公园,207.4,114.068337,22.661794
49,禾坪路48号,地铁站,岗头(地铁站),626.1,114.071895,22.657067
49,禾坪路48号,公交站,天安云谷南广场(招呼站)(公交站),82.9,114.069165,22.6587
49,禾坪路48号,教育设施,深圳外国语学校(集团)湾区学校,1202.4,114.070432,22.668388
49,禾坪路48号,医疗设施,深圳归朴堂天安中医(综合)诊所,255.3,114.070836,22.658998
49,禾坪路48号,商业服务,7-ELEVEn(天安云谷店),119.1,114.068564,22.658989
49,禾坪路48号,公园绿地,禾坪岗康乐广场,238.0,114.067862,22.656735
50,善屋顺楼,地铁站,岗头(地铁站),626.1,114.071895,22.657067
50,善屋顺楼,公交站,天安云谷南广场(招呼站)(公交站),82.9,114.069165,22.6587
50,善屋顺楼,教育设施,深圳外国语学校(集团)湾区学校,1202.4,114.070432,22.668388
50,善屋顺楼,医疗设施,深圳归朴堂天安中医(综合)诊所,255.3,114.070836,22.658998
50,善屋顺楼,商业服务,7-ELEVEn(天安云谷店),119.1,114.068564,22.658989
50,善屋顺楼,公园绿地,禾坪岗康乐广场,238.0,114.067862,22.656735
51,上围村,地铁站,雪象(地铁站),387.4,114.078808,22.657116
51,上围村,公交站,呈祥花园(公交站),166.6,114.081356,22.660447
51,上围村,教育设施,深圳市龙华区德风小学附属白鸽湖幼儿园,3587.0,114.087413,22.691449
51,上围村,医疗设施,御仁堂中医诊所,485.9,114.076739,22.660709
51,上围村,商业服务,优壹家便利店,74.4,114.080375,22.660475
51,上围村,公园绿地,宝吉公园,258.8,114.07853,22.659397
52,合景昕舍(深圳坂田雪象店)-7A栋,地铁站,岗头(地铁站),3354.3,114.071895,22.657067
52,合景昕舍(深圳坂田雪象店)-7A栋,公交站,坂田中浩园东苑总站(公交站),336.2,114.080019,22.6521
52,合景昕舍(深圳坂田雪象店)-7A栋,教育设施,立雪小学,578.1,114.080063,22.650838
52,合景昕舍(深圳坂田雪象店)-7A栋,医疗设施,深圳五知堂诊所,86.4,114.078719,22.653195
52,合景昕舍(深圳坂田雪象店)-7A栋,商业服务,邻家优选生活超市(坂田店),45.5,114.078333,22.652579
52,合景昕舍(深圳坂田雪象店)-7A栋,公园绿地,雪象社区居委广场,147.3,114.076837,22.653441
53,天润园区,地铁站,岗头(地铁站),865.7,114.071895,22.657067
53,天润园区,公交站,天安云谷(公交站),155.2,114.0685,22.66102
53,天润园区,教育设施,深圳外国语学校(集团)湾区学校,962.8,114.070432,22.668388
53,天润园区,医疗设施,安贝康诊所·中医科,201.2,114.068694,22.660448
53,天润园区,商业服务,7-ELEVEn(天安云谷3栋店),145.2,114.068231,22.660172
53,天润园区,公园绿地,极创公园,207.4,114.068337,22.661794
54,深圳市固源塑胶制品有限公司员工宿舍,地铁站,雪象(地铁站),387.4,114.078808,22.657116
54,深圳市固源塑胶制品有限公司员工宿舍,公交站,呈祥花园(公交站),166.6,114.081356,22.660447
54,深圳市固源塑胶制品有限公司员工宿舍,教育设施,深圳市龙华区德风小学附属白鸽湖幼儿园,3587.0,114.087413,22.691449
54,深圳市固源塑胶制品有限公司员工宿舍,医疗设施,御仁堂中医诊所,485.9,114.076739,22.660709
54,深圳市固源塑胶制品有限公司员工宿舍,商业服务,优壹家便利店,74.4,114.080375,22.660475
54,深圳市固源塑胶制品有限公司员工宿舍,公园绿地,宝吉公园,258.8,114.07853,22.659397
55,上围村东区,地铁站,雪象(地铁站),387.4,114.078808,22.657116
55,上围村东区,公交站,呈祥花园(公交站),166.6,114.081356,22.660447
55,上围村东区,教育设施,深圳市龙华区德风小学附属白鸽湖幼儿园,3587.0,114.087413,22.691449
55,上围村东区,医疗设施,御仁堂中医诊所,485.9,114.076739,22.660709
55,上围村东区,商业服务,优壹家便利店,74.4,114.080375,22.660475
55,上围村东区,公园绿地,宝吉公园,258.8,114.07853,22.659397
56,瑞碧旭居,地铁站,岗头(地铁站),702.6,114.071895,22.657067
56,瑞碧旭居,公交站,天安云谷南广场(招呼站)(公交站),159.4,114.069165,22.6587
56,瑞碧旭居,教育设施,深圳外国语学校(集团)湾区学校,1125.8,114.070432,22.668388
56,瑞碧旭居,医疗设施,安贝康诊所·中医科,223.7,114.068694,22.660448
56,瑞碧旭居,商业服务,7-ELEVEn(天安云谷店),42.6,114.068564,22.658989
56,瑞碧旭居,公园绿地,禾坪岗康乐广场,314.6,114.067862,22.656735
57,公社品牌公寓,地铁站,岗头(地铁站),201.2,114.071895,22.657067
57,公社品牌公寓,公交站,岗头地铁站(公交站),168.9,114.071611,22.656866
57,公社品牌公寓,教育设施,深圳外国语学校(集团)湾区学校,1627.2,114.070432,22.668388
57,公社品牌公寓,医疗设施,深圳王昌丽诊所,29.2,114.070826,22.655645
57,公社品牌公寓,商业服务,深安商行,53.7,114.070509,22.655312
57,公社品牌公寓,公园绿地,禾坪岗康乐广场,450.5,114.067862,22.656735
58,鹏瑞·颐璟府西区,地铁站,岗头(地铁站),865.7,114.071895,22.657067
58,鹏瑞·颐璟府西区,公交站,天安云谷(公交站),155.2,114.0685,22.66102
58,鹏瑞·颐璟府西区,教育设施,深圳外国语学校(集团)湾区学校,962.8,114.070432,22.668388
58,鹏瑞·颐璟府西区,医疗设施,安贝康诊所·中医科,201.2,114.068694,22.660448
58,鹏瑞·颐璟府西区,商业服务,7-ELEVEn(天安云谷3栋店),145.2,114.068231,22.660172
58,鹏瑞·颐璟府西区,公园绿地,极创公园,207.4,114.068337,22.661794
59,广电公寓,地铁站,岗头西(地铁站),98.7,114.06089,22.658405
59,广电公寓,公交站,岗头市场南(公交站),151.6,114.061188,22.659904
59,广电公寓,教育设施,梦翔多咕力(深圳)教育,2365.8,114.065216,22.645599
59,广电公寓,医疗设施,岗头社康中心,27.0,114.060538,22.658723
59,广电公寓,商业服务,美好生鲜蔬菜,137.1,114.059263,22.659599
59,广电公寓,公园绿地,岗头街心公园,141.7,114.061512,22.658215
60,深安居,地铁站,岗头(地铁站),201.2,114.071895,22.657067
60,深安居,公交站,岗头地铁站(公交站),168.9,114.071611,22.656866
60,深安居,教育设施,深圳外国语学校(集团)湾区学校,1627.2,114.070432,22.668388
60,深安居,医疗设施,深圳王昌丽诊所,29.2,114.070826,22.655645
60,深安居,商业服务,深安商行,53.7,114.070509,22.655312
60,深安居,公园绿地,禾坪岗康乐广场,450.5,114.067862,22.656735
61,中心围村一区,地铁站,岗头(地铁站),865.7,114.071895,22.657067
61,中心围村一区,公交站,天安云谷(公交站),155.2,114.0685,22.66102
61,中心围村一区,教育设施,深圳外国语学校(集团)湾区学校,962.8,114.070432,22.668388
61,中心围村一区,医疗设施,安贝康诊所·中医科,201.2,114.068694,22.660448
61,中心围村一区,商业服务,7-ELEVEn(天安云谷3栋店),145.2,114.068231,22.660172
61,中心围村一区,公园绿地,极创公园,207.4,114.068337,22.661794
62,35号公寓,地铁站,岗头(地铁站),316.4,114.071895,22.657067
62,35号公寓,公交站,城市山海云汇(公交站),247.9,114.072973,22.656845
62,35号公寓,教育设施,深圳市龙岗区坂田长青幼儿园,1695.2,114.073709,22.645689
62,35号公寓,医疗设施,深圳王昌丽诊所,144.4,114.070826,22.655645
62,35号公寓,商业服务,全好佳超市,111.2,114.071275,22.654025
62,35号公寓,公园绿地,禾坪岗康乐广场,565.6,114.067862,22.656735
63,联嘉祥·科创PARK,地铁站,岗头(地铁站),865.7,114.071895,22.657067
63,联嘉祥·科创PARK,公交站,天安云谷(公交站),155.2,114.0685,22.66102
63,联嘉祥·科创PARK,教育设施,深圳外国语学校(集团)湾区学校,962.8,114.070432,22.668388
63,联嘉祥·科创PARK,医疗设施,安贝康诊所·中医科,201.2,114.068694,22.660448
63,联嘉祥·科创PARK,商业服务,7-ELEVEn(天安云谷3栋店),145.2,114.068231,22.660172
63,联嘉祥·科创PARK,公园绿地,极创公园,207.4,114.068337,22.661794
64,恒辉百货宿舍楼,地铁站,岗头西(地铁站),98.7,114.06089,22.658405
64,恒辉百货宿舍楼,公交站,岗头市场南(公交站),151.6,114.061188,22.659904
64,恒辉百货宿舍楼,教育设施,梦翔多咕力(深圳)教育,2365.8,114.065216,22.645599
64,恒辉百货宿舍楼,医疗设施,岗头社康中心,27.0,114.060538,22.658723
64,恒辉百货宿舍楼,商业服务,美好生鲜蔬菜,137.1,114.059263,22.659599
64,恒辉百货宿舍楼,公园绿地,岗头街心公园,141.7,114.061512,22.658215
65,湾年公寓(联嘉祥科创园店),地铁站,岗头(地铁站),865.7,114.071895,22.657067
65,湾年公寓(联嘉祥科创园店),公交站,天安云谷(公交站),155.2,114.0685,22.66102
65,湾年公寓(联嘉祥科创园店),教育设施,深圳外国语学校(集团)湾区学校,962.8,114.070432,22.668388
65,湾年公寓(联嘉祥科创园店),医疗设施,安贝康诊所·中医科,201.2,114.068694,22.660448
65,湾年公寓(联嘉祥科创园店),商业服务,7-ELEVEn(天安云谷3栋店),145.2,114.068231,22.660172
65,湾年公寓(联嘉祥科创园店),公园绿地,极创公园,207.4,114.068337,22.661794
66,天寓青年国际社区(岗头店),地铁站,岗头(地铁站),201.2,114.071895,22.657067
66,天寓青年国际社区(岗头店),公交站,岗头地铁站(公交站),168.9,114.071611,22.656866
66,天寓青年国际社区(岗头店),教育设施,深圳外国语学校(集团)湾区学校,1627.2,114.070432,22.668388
66,天寓青年国际社区(岗头店),医疗设施,深圳王昌丽诊所,29.2,114.070826,22.655645
66,天寓青年国际社区(岗头店),商业服务,深安商行,53.7,114.070509,22.655312
66,天寓青年国际社区(岗头店),公园绿地,禾坪岗康乐广场,450.5,114.067862,22.656735
67,京东星城,地铁站,岗头(地铁站),3354.3,114.071895,22.657067
67,京东星城,公交站,坂田中浩园东苑总站(公交站),336.2,114.080019,22.6521
67,京东星城,教育设施,立雪小学,578.1,114.080063,22.650838
67,京东星城,医疗设施,深圳五知堂诊所,86.4,114.078719,22.653195
67,京东星城,商业服务,邻家优选生活超市(坂田店),45.5,114.078333,22.652579
67,京东星城,公园绿地,雪象社区居委广场,147.3,114.076837,22.653441
68,象角塘吉祥花园新村,地铁站,岗头(地铁站),201.2,114.071895,22.657067
68,象角塘吉祥花园新村,公交站,岗头地铁站(公交站),168.9,114.071611,22.656866
68,象角塘吉祥花园新村,教育设施,深圳外国语学校(集团)湾区学校,1627.2,114.070432,22.668388
68,象角塘吉祥花园新村,医疗设施,深圳王昌丽诊所,29.2,114.070826,22.655645
68,象角塘吉祥花园新村,商业服务,深安商行,53.7,114.070509,22.655312
68,象角塘吉祥花园新村,公园绿地,禾坪岗康乐广场,450.5,114.067862,22.656735
69,博林公寓,地铁站,岗头(地铁站),519.8,114.071895,22.657067
69,博林公寓,公交站,天安云谷南广场(招呼站)(公交站),189.1,114.069165,22.6587
69,博林公寓,教育设施,深圳外国语学校(集团)湾区学校,1308.6,114.070432,22.668388
69,博林公寓,医疗设施,肖传国医院,302.6,114.070601,22.656664
69,博林公寓,商业服务,臻百购小熊到家超市,165.8,114.067574,22.656579
69,博林公寓,公园绿地,禾坪岗康乐广场,131.8,114.067862,22.656735
70,坂田街道岗头社区中新五巷1号,地铁站,岗头西(地铁站),98.7,114.06089,22.658405
70,坂田街道岗头社区中新五巷1号,公交站,岗头市场南(公交站),151.6,114.061188,22.659904
70,坂田街道岗头社区中新五巷1号,教育设施,梦翔多咕力(深圳)教育,2365.8,114.065216,22.645599
70,坂田街道岗头社区中新五巷1号,医疗设施,岗头社康中心,27.0,114.060538,22.658723
70,坂田街道岗头社区中新五巷1号,商业服务,美好生鲜蔬菜,137.1,114.059263,22.659599
70,坂田街道岗头社区中新五巷1号,公园绿地,岗头街心公园,141.7,114.061512,22.658215
71,鹏瑞·颐璟府,地铁站,岗头(地铁站),865.7,114.071895,22.657067
71,鹏瑞·颐璟府,公交站,天安云谷(公交站),155.2,114.0685,22.66102
71,鹏瑞·颐璟府,教育设施,深圳外国语学校(集团)湾区学校,962.8,114.070432,22.668388
71,鹏瑞·颐璟府,医疗设施,安贝康诊所·中医科,201.2,114.068694,22.660448
71,鹏瑞·颐璟府,商业服务,7-ELEVEn(天安云谷3栋店),145.2,114.068231,22.660172
71,鹏瑞·颐璟府,公园绿地,极创公园,207.4,114.068337,22.661794
72,禾坪岗村,地铁站,岗头(地铁站),361.9,114.071895,22.657067
72,禾坪岗村,公交站,坂田交警中队(公交站),311.1,114.07164,22.658217
72,禾坪岗村,教育设施,深圳外国语学校(集团)湾区学校,1466.6,114.070432,22.668388
72,禾坪岗村,医疗设施,肖传国医院,144.7,114.070601,22.656664
72,禾坪岗村,商业服务,美宜佳(江南时代大厦店),14.4,114.069684,22.656215
72,禾坪岗村,公园绿地,禾坪岗康乐广场,289.8,114.067862,22.656735
73,岗头中心围村,地铁站,岗头西(地铁站),98.7,114.06089,22.658405
73,岗头中心围村,公交站,岗头市场南(公交站),151.6,114.061188,22.659904
73,岗头中心围村,教育设施,梦翔多咕力(深圳)教育,2365.8,114.065216,22.645599
73,岗头中心围村,医疗设施,岗头社康中心,27.0,114.060538,22.658723
73,岗头中心围村,商业服务,美好生鲜蔬菜,137.1,114.059263,22.659599
73,岗头中心围村,公园绿地,岗头街心公园,141.7,114.061512,22.658215
74,安居乐寓2区,地铁站,岗头(地铁站),865.7,114.071895,22.657067
74,安居乐寓2区,公交站,天安云谷(公交站),155.2,114.0685,22.66102
74,安居乐寓2区,教育设施,深圳外国语学校(集团)湾区学校,962.8,114.070432,22.668388
74,安居乐寓2区,医疗设施,安贝康诊所·中医科,201.2,114.068694,22.660448
74,安居乐寓2区,商业服务,7-ELEVEn(天安云谷3栋店),145.2,114.068231,22.660172
74,安居乐寓2区,公园绿地,极创公园,207.4,114.068337,22.661794
75,溢旭电子厂宿舍,地铁站,岗头西(地铁站),98.7,114.06089,22.658405
75,溢旭电子厂宿舍,公交站,岗头市场南(公交站),151.6,114.061188,22.659904
75,溢旭电子厂宿舍,教育设施,梦翔多咕力(深圳)教育,2365.8,114.065216,22.645599
75,溢旭电子厂宿舍,医疗设施,岗头社康中心,27.0,114.060538,22.658723
75,溢旭电子厂宿舍,商业服务,美好生鲜蔬菜,137.1,114.059263,22.659599
75,溢旭电子厂宿舍,公园绿地,岗头街心公园,141.7,114.061512,22.658215
76,振兴家园,地铁站,岗头(地铁站),336.8,114.071895,22.657067
76,振兴家园,公交站,岗头地铁站(公交站),304.5,114.071611,22.656866
76,振兴家园,教育设施,深圳外国语学校(集团)湾区学校,1491.7,114.070432,22.668388
76,振兴家园,医疗设施,肖传国医院,119.5,114.070601,22.656664
76,振兴家园,商业服务,江南时代广场,15.0,114.069911,22.656033
76,振兴家园,公园绿地,禾坪岗康乐广场,314.9,114.067862,22.656735
77,岗头中心围村二区,地铁站,岗头(地铁站),762.2,114.071895,22.657067
77,岗头中心围村二区,公交站,天安云谷南广场(招呼站)(公交站),219.0,114.069165,22.6587
77,岗头中心围村二区,教育设施,深圳外国语学校(集团)湾区学校,1066.2,114.070432,22.668388
77,岗头中心围村二区,医疗设施,安贝康诊所·中医科,164.1,114.068694,22.660448
77,岗头中心围村二区,商业服务,屈臣氏(天安云谷店),93.4,114.068591,22.65995
77,岗头中心围村二区,公园绿地,极创公园,310.8,114.068337,22.661794
78,永霖科技园宿舍楼,地铁站,雪象(地铁站),387.4,114.078808,22.657116
78,永霖科技园宿舍楼,公交站,呈祥花园(公交站),166.6,114.081356,22.660447
78,永霖科技园宿舍楼,教育设施,深圳市龙华区德风小学附属白鸽湖幼儿园,3587.0,114.087413,22.691449
78,永霖科技园宿舍楼,医疗设施,御仁堂中医诊所,485.9,114.076739,22.660709
78,永霖科技园宿舍楼,商业服务,优壹家便利店,74.4,114.080375,22.660475
78,永霖科技园宿舍楼,公园绿地,宝吉公园,258.8,114.07853,22.659397
79,顺民小区,地铁站,岗头(地铁站),3354.3,114.071895,22.657067
79,顺民小区,公交站,坂田中浩园东苑总站(公交站),336.2,114.080019,22.6521
79,顺民小区,教育设施,立雪小学,578.1,114.080063,22.650838
79,顺民小区,医疗设施,深圳五知堂诊所,86.4,114.078719,22.653195
79,顺民小区,商业服务,邻家优选生活超市(坂田店),45.5,114.078333,22.652579
79,顺民小区,公园绿地,雪象社区居委广场,147.3,114.076837,22.653441
80,1号公寓,地铁站,岗头(地铁站),626.1,114.071895,22.657067
80,1号公寓,公交站,天安云谷南广场(招呼站)(公交站),82.9,114.069165,22.6587
80,1号公寓,教育设施,深圳外国语学校(集团)湾区学校,1202.4,114.070432,22.668388
80,1号公寓,医疗设施,深圳归朴堂天安中医(综合)诊所,255.3,114.070836,22.658998
80,1号公寓,商业服务,7-ELEVEn(天安云谷店),119.1,114.068564,22.658989
80,1号公寓,公园绿地,禾坪岗康乐广场,238.0,114.067862,22.656735
81,汉盛日用品厂清湖冷链宿舍楼,地铁站,岗头西(地铁站),98.7,114.06089,22.658405
81,汉盛日用品厂清湖冷链宿舍楼,公交站,岗头市场南(公交站),151.6,114.061188,22.659904
81,汉盛日用品厂清湖冷链宿舍楼,教育设施,梦翔多咕力(深圳)教育,2365.8,114.065216,22.645599
81,汉盛日用品厂清湖冷链宿舍楼,医疗设施,岗头社康中心,27.0,114.060538,22.658723
81,汉盛日用品厂清湖冷链宿舍楼,商业服务,美好生鲜蔬菜,137.1,114.059263,22.659599
81,汉盛日用品厂清湖冷链宿舍楼,公园绿地,岗头街心公园,141.7,114.061512,22.658215
82,鹭湖名区,地铁站,岗头(地铁站),865.7,114.071895,22.657067
82,鹭湖名区,公交站,天安云谷(公交站),155.2,114.0685,22.66102
82,鹭湖名区,教育设施,深圳外国语学校(集团)湾区学校,962.8,114.070432,22.668388
82,鹭湖名区,医疗设施,安贝康诊所·中医科,201.2,114.068694,22.660448
82,鹭湖名区,商业服务,7-ELEVEn(天安云谷3栋店),145.2,114.068231,22.660172
82,鹭湖名区,公园绿地,极创公园,207.4,114.068337,22.661794
83,亚东公寓,地铁站,岗头西(地铁站),98.7,114.06089,22.658405
83,亚东公寓,公交站,岗头市场南(公交站),151.6,114.061188,22.659904
83,亚东公寓,教育设施,梦翔多咕力(深圳)教育,2365.8,114.065216,22.645599
83,亚东公寓,医疗设施,岗头社康中心,27.0,114.060538,22.658723
83,亚东公寓,商业服务,美好生鲜蔬菜,137.1,114.059263,22.659599
83,亚东公寓,公园绿地,岗头街心公园,141.7,114.061512,22.658215
84,海仓国际,地铁站,岗头(地铁站),3354.3,114.071895,22.657067
84,海仓国际,公交站,坂田中浩园东苑总站(公交站),336.2,114.080019,22.6521
84,海仓国际,教育设施,立雪小学,578.1,114.080063,22.650838
84,海仓国际,医疗设施,深圳五知堂诊所,86.4,114.078719,22.653195
84,海仓国际,商业服务,邻家优选生活超市(坂田店),45.5,114.078333,22.652579
84,海仓国际,公园绿地,雪象社区居委广场,147.3,114.076837,22.653441
85,乐福居,地铁站,岗头(地铁站),316.4,114.071895,22.657067
85,乐福居,公交站,城市山海云汇(公交站),247.9,114.072973,22.656845
85,乐福居,教育设施,深圳市龙岗区坂田长青幼儿园,1695.2,114.073709,22.645689
85,乐福居,医疗设施,深圳王昌丽诊所,144.4,114.070826,22.655645
85,乐福居,商业服务,全好佳超市,111.2,114.071275,22.654025
85,乐福居,公园绿地,禾坪岗康乐广场,565.6,114.067862,22.656735
86,观民楼,地铁站,岗头(地铁站),3354.3,114.071895,22.657067
86,观民楼,公交站,坂田中浩园东苑总站(公交站),336.2,114.080019,22.6521
86,观民楼,教育设施,立雪小学,578.1,114.080063,22.650838
86,观民楼,医疗设施,深圳五知堂诊所,86.4,114.078719,22.653195
86,观民楼,商业服务,邻家优选生活超市(坂田店),45.5,114.078333,22.652579
86,观民楼,公园绿地,雪象社区居委广场,147.3,114.076837,22.653441
87,宏大公寓B栋,地铁站,岗头(地铁站),304.4,114.071895,22.657067
87,宏大公寓B栋,公交站,岗头地铁站(公交站),272.1,114.071611,22.656866
87,宏大公寓B栋,教育设施,深圳外国语学校(集团)湾区学校,1524.0,114.070432,22.668388
87,宏大公寓B栋,医疗设施,肖传国医院,87.2,114.070601,22.656664
87,宏大公寓B栋,商业服务,江南时代广场,47.3,114.069911,22.656033
87,宏大公寓B栋,公园绿地,禾坪岗康乐广场,347.2,114.067862,22.656735
88,艺家社区(岗头地铁店),地铁站,岗头(地铁站),2793.2,114.071895,22.657067
88,艺家社区(岗头地铁店),公交站,坂田象角塘总站(公交站),249.3,114.075632,22.654355
88,艺家社区(岗头地铁店),教育设施,深圳大学附属坂田学校,345.3,114.074797,22.656147
88,艺家社区(岗头地铁店),医疗设施,市人民医院坂田院区(公交站),761.9,114.07726,22.649568
88,艺家社区(岗头地铁店),商业服务,盛茂生鲜农家蔬菜批发零售,321.2,114.075705,22.651291
88,艺家社区(岗头地铁店),公园绿地,雪象社区居委广场,1964.4,114.076837,22.653441
89,百鸣园公寓,地铁站,岗头西(地铁站),98.7,114.06089,22.658405
89,百鸣园公寓,公交站,岗头市场南(公交站),151.6,114.061188,22.659904
89,百鸣园公寓,教育设施,梦翔多咕力(深圳)教育,2365.8,114.065216,22.645599
89,百鸣园公寓,医疗设施,岗头社康中心,27.0,114.060538,22.658723
89,百鸣园公寓,商业服务,美好生鲜蔬菜,137.1,114.059263,22.659599
89,百鸣园公寓,公园绿地,岗头街心公园,141.7,114.061512,22.658215
90,优优公寓,地铁站,岗头(地铁站),361.9,114.071895,22.657067
90,优优公寓,公交站,坂田交警中队(公交站),311.1,114.07164,22.658217
90,优优公寓,教育设施,深圳外国语学校(集团)湾区学校,1466.6,114.070432,22.668388
90,优优公寓,医疗设施,肖传国医院,144.7,114.070601,22.656664
90,优优公寓,商业服务,美宜佳(江南时代大厦店),14.4,114.069684,22.656215
90,优优公寓,公园绿地,禾坪岗康乐广场,289.8,114.067862,22.656735
91,安居乐寓,地铁站,岗头西(地铁站),98.7,114.06089,22.658405
91,安居乐寓,公交站,岗头市场南(公交站),151.6,114.061188,22.659904
91,安居乐寓,教育设施,梦翔多咕力(深圳)教育,2365.8,114.065216,22.645599
91,安居乐寓,医疗设施,岗头社康中心,27.0,114.060538,22.658723
91,安居乐寓,商业服务,美好生鲜蔬菜,137.1,114.059263,22.659599
91,安居乐寓,公园绿地,岗头街心公园,141.7,114.061512,22.658215
92,苑兴小区,地铁站,岗头(地铁站),3354.3,114.071895,22.657067
92,苑兴小区,公交站,坂田中浩园东苑总站(公交站),336.2,114.080019,22.6521
92,苑兴小区,教育设施,立雪小学,578.1,114.080063,22.650838
92,苑兴小区,医疗设施,深圳五知堂诊所,86.4,114.078719,22.653195
92,苑兴小区,商业服务,邻家优选生活超市(坂田店),45.5,114.078333,22.652579
92,苑兴小区,公园绿地,雪象社区居委广场,147.3,114.076837,22.653441
93,金昌达小区,地铁站,雪象(地铁站),387.4,114.078808,22.657116
93,金昌达小区,公交站,呈祥花园(公交站),166.6,114.081356,22.660447
93,金昌达小区,教育设施,深圳市龙华区德风小学附属白鸽湖幼儿园,3587.0,114.087413,22.691449
93,金昌达小区,医疗设施,御仁堂中医诊所,485.9,114.076739,22.660709
93,金昌达小区,商业服务,优壹家便利店,74.4,114.080375,22.660475
93,金昌达小区,公园绿地,宝吉公园,258.8,114.07853,22.659397
94,鹏瑞·颐璟府东区,地铁站,岗头(地铁站),865.7,114.071895,22.657067
94,鹏瑞·颐璟府东区,公交站,天安云谷(公交站),155.2,114.0685,22.66102
94,鹏瑞·颐璟府东区,教育设施,深圳外国语学校(集团)湾区学校,962.8,114.070432,22.668388
94,鹏瑞·颐璟府东区,医疗设施,安贝康诊所·中医科,201.2,114.068694,22.660448
94,鹏瑞·颐璟府东区,商业服务,7-ELEVEn(天安云谷3栋店),145.2,114.068231,22.660172
94,鹏瑞·颐璟府东区,公园绿地,极创公园,207.4,114.068337,22.661794
95,禾坪岗一巷1-3号,地铁站,岗头(地铁站),336.8,114.071895,22.657067
95,禾坪岗一巷1-3号,公交站,岗头地铁站(公交站),304.5,114.071611,22.656866
95,禾坪岗一巷1-3号,教育设施,深圳外国语学校(集团)湾区学校,1491.7,114.070432,22.668388
95,禾坪岗一巷1-3号,医疗设施,肖传国医院,119.5,114.070601,22.656664
95,禾坪岗一巷1-3号,商业服务,江南时代广场,15.0,114.069911,22.656033
95,禾坪岗一巷1-3号,公园绿地,禾坪岗康乐广场,314.9,114.067862,22.656735
96,合和二巷5号,地铁站,岗头西(地铁站),98.7,114.06089,22.658405
96,合和二巷5号,公交站,岗头市场南(公交站),151.6,114.061188,22.659904
96,合和二巷5号,教育设施,梦翔多咕力(深圳)教育,2365.8,114.065216,22.645599
96,合和二巷5号,医疗设施,岗头社康中心,27.0,114.060538,22.658723
96,合和二巷5号,商业服务,美好生鲜蔬菜,137.1,114.059263,22.659599
96,合和二巷5号,公园绿地,岗头街心公园,141.7,114.061512,22.658215
97,塑和峰汇(建设中),地铁站,岗头(地铁站),865.7,114.071895,22.657067
97,塑和峰汇(建设中),公交站,天安云谷(公交站),155.2,114.0685,22.66102
97,塑和峰汇(建设中),教育设施,深圳外国语学校(集团)湾区学校,962.8,114.070432,22.668388
97,塑和峰汇(建设中),医疗设施,安贝康诊所·中医科,201.2,114.068694,22.660448
97,塑和峰汇(建设中),商业服务,7-ELEVEn(天安云谷3栋店),145.2,114.068231,22.660172
97,塑和峰汇(建设中),公园绿地,极创公园,207.4,114.068337,22.661794
98,天安1号小区(建设中),地铁站,岗头(地铁站),865.7,114.071895,22.657067
98,天安1号小区(建设中),公交站,天安云谷(公交站),155.2,114.0685,22.66102
98,天安1号小区(建设中),教育设施,深圳外国语学校(集团)湾区学校,962.8,114.070432,22.668388
98,天安1号小区(建设中),医疗设施,安贝康诊所·中医科,201.2,114.068694,22.660448
98,天安1号小区(建设中),商业服务,7-ELEVEn(天安云谷3栋店),145.2,114.068231,22.660172
98,天安1号小区(建设中),公园绿地,极创公园,207.4,114.068337,22.661794
99,中心围南六巷1号,地铁站,岗头西(地铁站),98.7,114.06089,22.658405
99,中心围南六巷1号,公交站,岗头市场南(公交站),151.6,114.061188,22.659904
99,中心围南六巷1号,教育设施,梦翔多咕力(深圳)教育,2365.8,114.065216,22.645599
99,中心围南六巷1号,医疗设施,岗头社康中心,27.0,114.060538,22.658723
99,中心围南六巷1号,商业服务,美好生鲜蔬菜,137.1,114.059263,22.659599
99,中心围南六巷1号,公园绿地,岗头街心公园,141.7,114.061512,22.658215
100,龙岗区坂田街道岗头社区中心围村合和四巷5号,地铁站,岗头西(地铁站),98.7,114.06089,22.658405
100,龙岗区坂田街道岗头社区中心围村合和四巷5号,公交站,岗头市场南(公交站),151.6,114.061188,22.659904
100,龙岗区坂田街道岗头社区中心围村合和四巷5号,教育设施,梦翔多咕力(深圳)教育,2365.8,114.065216,22.645599
100,龙岗区坂田街道岗头社区中心围村合和四巷5号,医疗设施,岗头社康中心,27.0,114.060538,22.658723
100,龙岗区坂田街道岗头社区中心围村合和四巷5号,商业服务,美好生鲜蔬菜,137.1,114.059263,22.659599
100,龙岗区坂田街道岗头社区中心围村合和四巷5号,公园绿地,岗头街心公园,141.7,114.061512,22.658215
101,星云雅居,地铁站,岗头西(地铁站),98.7,114.06089,22.658405
101,星云雅居,公交站,岗头市场南(公交站),151.6,114.061188,22.659904
101,星云雅居,教育设施,梦翔多咕力(深圳)教育,2365.8,114.065216,22.645599
101,星云雅居,医疗设施,岗头社康中心,27.0,114.060538,22.658723
101,星云雅居,商业服务,美好生鲜蔬菜,137.1,114.059263,22.659599
101,星云雅居,公园绿地,岗头街心公园,141.7,114.061512,22.658215
102,凯金中华,地铁站,岗头(地铁站),626.1,114.071895,22.657067
102,凯金中华,公交站,天安云谷南广场(招呼站)(公交站),82.9,114.069165,22.6587
102,凯金中华,教育设施,深圳外国语学校(集团)湾区学校,1202.4,114.070432,22.668388
102,凯金中华,医疗设施,深圳归朴堂天安中医(综合)诊所,255.3,114.070836,22.658998
102,凯金中华,商业服务,7-ELEVEn(天安云谷店),119.1,114.068564,22.658989
102,凯金中华,公园绿地,禾坪岗康乐广场,238.0,114.067862,22.656735
103,如桂居1A,地铁站,岗头(地铁站),4339.4,114.071895,22.657067
103,如桂居1A,公交站,航嘉工业园(公交站),188.4,114.082029,22.653726
103,如桂居1A,教育设施,雪象第二幼儿园,255.9,114.081179,22.653547
103,如桂居1A,医疗设施,坂田公共卫生服务中心,1605.4,114.079287,22.653191
103,如桂居1A,商业服务,美佳旺生活超市(下雪分店),1114.5,114.080914,22.651407
103,如桂居1A,公园绿地,雪象社区居委广场,1924.8,114.076837,22.653441
104,蕃茄花园,地铁站,雪象(地铁站),387.4,114.078808,22.657116
104,蕃茄花园,公交站,呈祥花园(公交站),166.6,114.081356,22.660447
104,蕃茄花园,教育设施,深圳市龙华区德风小学附属白鸽湖幼儿园,3587.0,114.087413,22.691449
104,蕃茄花园,医疗设施,御仁堂中医诊所,485.9,114.076739,22.660709
104,蕃茄花园,商业服务,优壹家便利店,74.4,114.080375,22.660475
104,蕃茄花园,公园绿地,宝吉公园,258.8,114.07853,22.659397
105,洲际宿舍,地铁站,岗头(地铁站),316.4,114.071895,22.657067
105,洲际宿舍,公交站,城市山海云汇(公交站),247.9,114.072973,22.656845
105,洲际宿舍,教育设施,深圳市龙岗区坂田长青幼儿园,1695.2,114.073709,22.645689
105,洲际宿舍,医疗设施,深圳王昌丽诊所,144.4,114.070826,22.655645
105,洲际宿舍,商业服务,全好佳超市,111.2,114.071275,22.654025
105,洲际宿舍,公园绿地,禾坪岗康乐广场,565.6,114.067862,22.656735
106,下围新村,地铁站,雪象(地铁站),380.6,114.078808,22.657116
106,下围新村,公交站,宝吉路口(公交站),170.5,114.078885,22.660434
106,下围新村,教育设施,深圳市龙华区德风小学附属白鸽湖幼儿园,3593.7,114.087413,22.691449
106,下围新村,医疗设施,御仁堂中医诊所,479.1,114.076739,22.660709
106,下围新村,商业服务,优壹家便利店,81.1,114.080375,22.660475
106,下围新村,公园绿地,宝吉公园,252.0,114.07853,22.659397
107,中浩吉祥花园,地铁站,岗头(地铁站),3045.8,114.071895,22.657067
107,中浩吉祥花园,公交站,坂田中浩园东苑总站(公交站),27.7,114.080019,22.6521
107,中浩吉祥花园,教育设施,立雪小学,269.6,114.080063,22.650838
107,中浩吉祥花园,医疗设施,坂田公共卫生服务中心,136.4,114.079287,22.653191
107,中浩吉祥花园,商业服务,城市灯火百货超市(园东苑店),274.5,114.078732,22.652182
107,中浩吉祥花园,公园绿地,雪象社区居委广场,455.8,114.076837,22.653441
108,爱尚友家公馆,地铁站,岗头西(地铁站),98.7,114.06089,22.658405
108,爱尚友家公馆,公交站,岗头市场南(公交站),151.6,114.061188,22.659904
108,爱尚友家公馆,教育设施,梦翔多咕力(深圳)教育,2365.8,114.065216,22.645599
108,爱尚友家公馆,医疗设施,岗头社康中心,27.0,114.060538,22.658723
108,爱尚友家公馆,商业服务,美好生鲜蔬菜,137.1,114.059263,22.659599
108,爱尚友家公馆,公园绿地,岗头街心公园,141.7,114.061512,22.658215
109,富士康宿舍,地铁站,岗头西(地铁站),98.7,114.06089,22.658405
109,富士康宿舍,公交站,岗头市场南(公交站),151.6,114.061188,22.659904
109,富士康宿舍,教育设施,梦翔多咕力(深圳)教育,2365.8,114.065216,22.645599
109,富士康宿舍,医疗设施,岗头社康中心,27.0,114.060538,22.658723
109,富士康宿舍,商业服务,美好生鲜蔬菜,137.1,114.059263,22.659599
109,富士康宿舍,公园绿地,岗头街心公园,141.7,114.061512,22.658215
110,雪象中浩园,地铁站,岗头(地铁站),3354.3,114.071895,22.657067
110,雪象中浩园,公交站,坂田中浩园东苑总站(公交站),336.2,114.080019,22.6521
110,雪象中浩园,教育设施,立雪小学,578.1,114.080063,22.650838
110,雪象中浩园,医疗设施,深圳五知堂诊所,86.4,114.078719,22.653195
110,雪象中浩园,商业服务,邻家优选生活超市(坂田店),45.5,114.078333,22.652579
110,雪象中浩园,公园绿地,雪象社区居委广场,147.3,114.076837,22.653441
111,高尖科技园宿舍楼,地铁站,岗头(地铁站),865.7,114.071895,22.657067
111,高尖科技园宿舍楼,公交站,天安云谷(公交站),155.2,114.0685,22.66102
111,高尖科技园宿舍楼,教育设施,深圳外国语学校(集团)湾区学校,962.8,114.070432,22.668388
111,高尖科技园宿舍楼,医疗设施,安贝康诊所·中医科,201.2,114.068694,22.660448
111,高尖科技园宿舍楼,商业服务,7-ELEVEn(天安云谷3栋店),145.2,114.068231,22.660172
111,高尖科技园宿舍楼,公园绿地,极创公园,207.4,114.068337,22.661794
112,园东苑中浩三区,地铁站,岗头(地铁站),3354.3,114.071895,22.657067
112,园东苑中浩三区,公交站,坂田中浩园东苑总站(公交站),336.2,114.080019,22.6521
112,园东苑中浩三区,教育设施,立雪小学,578.1,114.080063,22.650838
112,园东苑中浩三区,医疗设施,深圳五知堂诊所,86.4,114.078719,22.653195
112,园东苑中浩三区,商业服务,邻家优选生活超市(坂田店),45.5,114.078333,22.652579
112,园东苑中浩三区,公园绿地,雪象社区居委广场,147.3,114.076837,22.653441
113,依云山庄,地铁站,岗头(地铁站),4339.4,114.071895,22.657067
113,依云山庄,公交站,航嘉工业园(公交站),188.4,114.082029,22.653726
113,依云山庄,教育设施,雪象第二幼儿园,255.9,114.081179,22.653547
113,依云山庄,医疗设施,坂田公共卫生服务中心,1605.4,114.079287,22.653191
113,依云山庄,商业服务,美佳旺生活超市(下雪分店),1114.5,114.080914,22.651407
113,依云山庄,公园绿地,雪象社区居委广场,1924.8,114.076837,22.653441
114,高发·悦驰苑,地铁站,岗头(地铁站),4070.5,114.071895,22.657067
114,高发·悦驰苑,公交站,坂田雪象村总站(公交站),24.1,114.080987,22.65298
114,高发·悦驰苑,教育设施,雪象第二幼儿园,61.3,114.081179,22.653547
114,高发·悦驰苑,医疗设施,坂田公共卫生服务中心,1336.5,114.079287,22.653191
114,高发·悦驰苑,商业服务,美佳旺生活超市(下雪分店),845.6,114.080914,22.651407
114,高发·悦驰苑,公园绿地,雪象社区居委广场,1655.9,114.076837,22.653441
115,高发悦驰苑A,地铁站,岗头(地铁站),4070.5,114.071895,22.657067
115,高发悦驰苑A,公交站,坂田雪象村总站(公交站),24.1,114.080987,22.65298
115,高发悦驰苑A,教育设施,雪象第二幼儿园,61.3,114.081179,22.653547
115,高发悦驰苑A,医疗设施,坂田公共卫生服务中心,1336.5,114.079287,22.653191
115,高发悦驰苑A,商业服务,美佳旺生活超市(下雪分店),845.6,114.080914,22.651407
115,高发悦驰苑A,公园绿地,雪象社区居委广场,1655.9,114.076837,22.653441
116,居里公馆,地铁站,华为(地铁站),1076.3,114.067171,22.650445
116,居里公馆,公交站,象角塘西(公交站),591.3,114.068446,22.653194
116,居里公馆,教育设施,宝岗小学,276.3,114.065351,22.654695
116,居里公馆,医疗设施,瑞康堂中医综合诊所,265.6,114.066395,22.651803
116,居里公馆,商业服务,华创里购物中心,248.5,114.065845,22.651577
116,居里公馆,公园绿地,坂田街道象角塘社区佳兆业中心广场,591.1,114.068628,22.652353
117,华阳阁中浩二路华阳阁B座,地铁站,岗头(地铁站),3354.3,114.071895,22.657067
117,华阳阁中浩二路华阳阁B座,公交站,坂田中浩园东苑总站(公交站),336.2,114.080019,22.6521
117,华阳阁中浩二路华阳阁B座,教育设施,立雪小学,578.1,114.080063,22.650838
117,华阳阁中浩二路华阳阁B座,医疗设施,深圳五知堂诊所,86.4,114.078719,22.653195
117,华阳阁中浩二路华阳阁B座,商业服务,邻家优选生活超市(坂田店),45.5,114.078333,22.652579
117,华阳阁中浩二路华阳阁B座,公园绿地,雪象社区居委广场,147.3,114.076837,22.653441
118,华阳阁(中浩二路),地铁站,岗头(地铁站),3354.3,114.071895,22.657067
118,华阳阁(中浩二路),公交站,坂田中浩园东苑总站(公交站),336.2,114.080019,22.6521
118,华阳阁(中浩二路),教育设施,立雪小学,578.1,114.080063,22.650838
118,华阳阁(中浩二路),医疗设施,深圳五知堂诊所,86.4,114.078719,22.653195
118,华阳阁(中浩二路),商业服务,邻家优选生活超市(坂田店),45.5,114.078333,22.652579
118,华阳阁(中浩二路),公园绿地,雪象社区居委广场,147.3,114.076837,22.653441
119,居里公馆A,地铁站,华为(地铁站),1076.3,114.067171,22.650445
119,居里公馆A,公交站,象角塘西(公交站),591.3,114.068446,22.653194
119,居里公馆A,教育设施,宝岗小学,276.3,114.065351,22.654695
119,居里公馆A,医疗设施,瑞康堂中医综合诊所,265.6,114.066395,22.651803
119,居里公馆A,商业服务,华创里购物中心,248.5,114.065845,22.651577
119,居里公馆A,公园绿地,坂田街道象角塘社区佳兆业中心广场,591.1,114.068628,22.652353
120,德辰居,地铁站,华为(地铁站),880.2,114.067171,22.650445
120,德辰居,公交站,象角塘西(公交站),395.1,114.068446,22.653194
120,德辰居,教育设施,宝岗小学,472.4,114.065351,22.654695
120,德辰居,医疗设施,瑞康堂中医综合诊所,69.4,114.066395,22.651803
120,德辰居,商业服务,华创里购物中心,52.3,114.065845,22.651577
120,德辰居,公园绿地,坂田街道象角塘社区佳兆业中心广场,394.9,114.068628,22.652353
121,町町青年社区1区,地铁站,华为(地铁站),880.2,114.067171,22.650445
121,町町青年社区1区,公交站,象角塘西(公交站),395.1,114.068446,22.653194
121,町町青年社区1区,教育设施,宝岗小学,472.4,114.065351,22.654695
121,町町青年社区1区,医疗设施,瑞康堂中医综合诊所,69.4,114.066395,22.651803
121,町町青年社区1区,商业服务,华创里购物中心,52.3,114.065845,22.651577
121,町町青年社区1区,公园绿地,坂田街道象角塘社区佳兆业中心广场,394.9,114.068628,22.652353
122,象角塘村北区,地铁站,华为(地铁站),687.2,114.067171,22.650445
122,象角塘村北区,公交站,华为地铁站东(公交站),553.9,114.068136,22.650023
122,象角塘村北区,教育设施,梅沙第一幼儿园,759.6,114.068096,22.646682
122,象角塘村北区,医疗设施,深圳润德堂中医诊所,723.0,114.066609,22.651142
122,象角塘村北区,商业服务,MYJ便利店(象角塘村西二路店),262.7,114.070065,22.652138
122,象角塘村北区,公园绿地,坂田街道象角塘社区佳兆业中心广场,705.7,114.068628,22.652353
123,板房生活区,地铁站,岗头(地铁站),4187.6,114.071895,22.657067
123,板房生活区,公交站,航嘉工业园(公交站),36.5,114.082029,22.653726
123,板房生活区,教育设施,雪象第二幼儿园,104.0,114.081179,22.653547
123,板房生活区,医疗设施,坂田公共卫生服务中心,1453.5,114.079287,22.653191
123,板房生活区,商业服务,美佳旺生活超市(下雪分店),962.7,114.080914,22.651407
123,板房生活区,公园绿地,雪象社区居委广场,1773.0,114.076837,22.653441
124,丽景楼,地铁站,岗头(地铁站),717.8,114.071895,22.657067
124,丽景楼,公交站,赣锋科技大厦公交首末站(公交站),600.8,114.072131,22.648542
124,丽景楼,教育设施,深圳市龙岗区坂田长青幼儿园,1293.9,114.073709,22.645689
124,丽景楼,医疗设施,深圳王昌丽诊所,545.7,114.070826,22.655645
124,丽景楼,商业服务,优购哆生活超市(云谷店),185.3,114.073435,22.653316
124,丽景楼,公园绿地,禾坪岗康乐广场,967.0,114.067862,22.656735
125,九巷五号,地铁站,岗头西(地铁站),98.7,114.06089,22.658405
125,九巷五号,公交站,岗头市场南(公交站),151.6,114.061188,22.659904
125,九巷五号,教育设施,梦翔多咕力(深圳)教育,2365.8,114.065216,22.645599
125,九巷五号,医疗设施,岗头社康中心,27.0,114.060538,22.658723
125,九巷五号,商业服务,美好生鲜蔬菜,137.1,114.059263,22.659599
125,九巷五号,公园绿地,岗头街心公园,141.7,114.061512,22.658215
126,下围新邨花园,地铁站,雪象(地铁站),380.6,114.078808,22.657116
126,下围新邨花园,公交站,宝吉路口(公交站),170.5,114.078885,22.660434
126,下围新邨花园,教育设施,深圳市龙华区德风小学附属白鸽湖幼儿园,3593.7,114.087413,22.691449
126,下围新邨花园,医疗设施,御仁堂中医诊所,479.1,114.076739,22.660709
126,下围新邨花园,商业服务,优壹家便利店,81.1,114.080375,22.660475
126,下围新邨花园,公园绿地,宝吉公园,252.0,114.07853,22.659397
127,园东苑北区,地铁站,岗头(地铁站),3329.0,114.071895,22.657067
127,园东苑北区,公交站,坂田中浩园东苑总站(公交站),310.9,114.080019,22.6521
127,园东苑北区,教育设施,立雪小学,552.9,114.080063,22.650838
127,园东苑北区,医疗设施,深圳美颂堂中医诊所,82.7,114.07865,22.65218
127,园东苑北区,商业服务,邻家优选生活超市(坂田店),20.2,114.078333,22.652579
127,园东苑北区,公园绿地,雪象社区居委广场,172.5,114.076837,22.653441
128,雪象中浩园4区,地铁站,岗头(地铁站),3066.4,114.071895,22.657067
128,雪象中浩园4区,公交站,坂田中浩园东苑总站(公交站),48.3,114.080019,22.6521
128,雪象中浩园4区,教育设施,立雪小学,290.2,114.080063,22.650838
128,雪象中浩园4区,医疗设施,坂田公共卫生服务中心,157.0,114.079287,22.653191
128,雪象中浩园4区,商业服务,城市灯火百货超市(园东苑店),253.8,114.078732,22.652182
128,雪象中浩园4区,公园绿地,雪象社区居委广场,435.2,114.076837,22.653441
129,锦润楼,地铁站,岗头西(地铁站),98.7,114.06089,22.658405
129,锦润楼,公交站,岗头市场南(公交站),151.6,114.061188,22.659904
129,锦润楼,教育设施,梦翔多咕力(深圳)教育,2365.8,114.065216,22.645599
129,锦润楼,医疗设施,岗头社康中心,27.0,114.060538,22.658723
129,锦润楼,商业服务,美好生鲜蔬菜,137.1,114.059263,22.659599
129,锦润楼,公园绿地,岗头街心公园,141.7,114.061512,22.658215
130,成迎投资宿舍楼,地铁站,岗头(地铁站),865.7,114.071895,22.657067
130,成迎投资宿舍楼,公交站,天安云谷(公交站),155.2,114.0685,22.66102
130,成迎投资宿舍楼,教育设施,深圳外国语学校(集团)湾区学校,962.8,114.070432,22.668388
130,成迎投资宿舍楼,医疗设施,安贝康诊所·中医科,201.2,114.068694,22.660448
130,成迎投资宿舍楼,商业服务,7-ELEVEn(天安云谷3栋店),145.2,114.068231,22.660172
130,成迎投资宿舍楼,公园绿地,极创公园,207.4,114.068337,22.661794
131,吉祥花园鸿悦居,地铁站,岗头(地铁站),4056.7,114.071895,22.657067
131,吉祥花园鸿悦居,公交站,坂田雪象村总站(公交站),10.4,114.080987,22.65298
131,吉祥花园鸿悦居,教育设施,雪象第二幼儿园,75.0,114.081179,22.653547
131,吉祥花园鸿悦居,医疗设施,坂田公共卫生服务中心,1322.7,114.079287,22.653191
131,吉祥花园鸿悦居,商业服务,美佳旺生活超市(下雪分店),831.8,114.080914,22.651407
131,吉祥花园鸿悦居,公园绿地,雪象社区居委广场,1642.1,114.076837,22.653441
132,湾路国际,地铁站,华为(地铁站),597.1,114.067171,22.650445
132,湾路国际,公交站,华为地铁站东(公交站),463.8,114.068136,22.650023
132,湾路国际,教育设施,梅沙第一幼儿园,669.5,114.068096,22.646682
132,湾路国际,医疗设施,深圳润德堂中医诊所,632.8,114.066609,22.651142
132,湾路国际,商业服务,MYJ便利店(象角塘村西二路店),172.6,114.070065,22.652138
132,湾路国际,公园绿地,坂田街道象角塘社区佳兆业中心广场,615.6,114.068628,22.652353
133,中浩南区,地铁站,岗头(地铁站),3066.4,114.071895,22.657067
133,中浩南区,公交站,坂田中浩园东苑总站(公交站),48.3,114.080019,22.6521
133,中浩南区,教育设施,立雪小学,290.2,114.080063,22.650838
133,中浩南区,医疗设施,坂田公共卫生服务中心,157.0,114.079287,22.653191
133,中浩南区,商业服务,城市灯火百货超市(园东苑店),253.8,114.078732,22.652182
133,中浩南区,公园绿地,雪象社区居委广场,435.2,114.076837,22.653441
134,园东苑,地铁站,岗头(地铁站),3279.1,114.071895,22.657067
134,园东苑,公交站,坂田中浩园东苑总站(公交站),261.0,114.080019,22.6521
134,园东苑,教育设施,立雪小学,503.0,114.080063,22.650838
134,园东苑,医疗设施,深圳美颂堂中医诊所,32.8,114.07865,22.65218
134,园东苑,商业服务,城市灯火百货超市(园东苑店),41.1,114.078732,22.652182
134,园东苑,公园绿地,雪象社区居委广场,222.4,114.076837,22.653441
135,环寓,地铁站,华为(地铁站),643.7,114.067171,22.650445
135,环寓,公交站,象角塘西(公交站),293.1,114.068446,22.653194
135,环寓,教育设施,宝岗小学,708.9,114.065351,22.654695
135,环寓,医疗设施,瑞康堂中医综合诊所,176.6,114.066395,22.651803
135,环寓,商业服务,华茂汇,95.2,114.068409,22.651803
135,环寓,公园绿地,坂田街道象角塘社区佳兆业中心广场,158.5,114.068628,22.652353
136,马蹄山小区1区,地铁站,华为(地铁站),880.2,114.067171,22.650445
136,马蹄山小区1区,公交站,象角塘西(公交站),395.1,114.068446,22.653194
136,马蹄山小区1区,教育设施,宝岗小学,472.4,114.065351,22.654695
136,马蹄山小区1区,医疗设施,瑞康堂中医综合诊所,69.4,114.066395,22.651803
136,马蹄山小区1区,商业服务,华创里购物中心,52.3,114.065845,22.651577
136,马蹄山小区1区,公园绿地,坂田街道象角塘社区佳兆业中心广场,394.9,114.068628,22.652353
137,明珍楼,地铁站,岗头西(地铁站),98.7,114.06089,22.658405
137,明珍楼,公交站,岗头市场南(公交站),151.6,114.061188,22.659904
137,明珍楼,教育设施,梦翔多咕力(深圳)教育,2365.8,114.065216,22.645599
137,明珍楼,医疗设施,岗头社康中心,27.0,114.060538,22.658723
137,明珍楼,商业服务,美好生鲜蔬菜,137.1,114.059263,22.659599
137,明珍楼,公园绿地,岗头街心公园,141.7,114.061512,22.658215
138,禾心园,地铁站,华为(地铁站),657.2,114.067171,22.650445
138,禾心园,公交站,华为地铁站东(公交站),523.9,114.068136,22.650023
138,禾心园,教育设施,梅沙第一幼儿园,729.6,114.068096,22.646682
138,禾心园,医疗设施,深圳润德堂中医诊所,692.9,114.066609,22.651142
138,禾心园,商业服务,MYJ便利店(象角塘村西二路店),232.7,114.070065,22.652138
138,禾心园,公园绿地,坂田街道象角塘社区佳兆业中心广场,675.7,114.068628,22.652353
139,华馨雅苑,地铁站,岗头(地铁站),865.7,114.071895,22.657067
139,华馨雅苑,公交站,天安云谷(公交站),155.2,114.0685,22.66102
139,华馨雅苑,教育设施,深圳外国语学校(集团)湾区学校,962.8,114.070432,22.668388
139,华馨雅苑,医疗设施,安贝康诊所·中医科,201.2,114.068694,22.660448
139,华馨雅苑,商业服务,7-ELEVEn(天安云谷3栋店),145.2,114.068231,22.660172
139,华馨雅苑,公园绿地,极创公园,207.4,114.068337,22.661794
140,雪象花园新村B区,地铁站,岗头(地铁站),2561.4,114.071895,22.657067
140,雪象花园新村B区,公交站,雪象新村(公交站),211.0,114.075497,22.653176
140,雪象花园新村B区,教育设施,雪象小学,448.1,114.07758,22.650859
140,雪象花园新村B区,医疗设施,深圳日增诊所,200.2,114.076817,22.652021
140,雪象花园新村B区,商业服务,好邻居肉菜生鲜(雪象花园新村店),92.3,114.076075,22.651325
140,雪象花园新村B区,公园绿地,雪象社区居委广场,1398.4,114.076837,22.653441
141,岗头新围仔五号,地铁站,岗头西(地铁站),98.7,114.06089,22.658405
141,岗头新围仔五号,公交站,岗头市场南(公交站),151.6,114.061188,22.659904
141,岗头新围仔五号,教育设施,梦翔多咕力(深圳)教育,2365.8,114.065216,22.645599
141,岗头新围仔五号,医疗设施,岗头社康中心,27.0,114.060538,22.658723
141,岗头新围仔五号,商业服务,美好生鲜蔬菜,137.1,114.059263,22.659599
141,岗头新围仔五号,公园绿地,岗头街心公园,141.7,114.061512,22.658215
142,园东苑南区,地铁站,岗头(地铁站),3122.4,114.071895,22.657067
142,园东苑南区,公交站,坂田中浩园东苑总站(公交站),104.3,114.080019,22.6521
142,园东苑南区,教育设施,立雪小学,346.3,114.080063,22.650838
142,园东苑南区,医疗设施,深圳美颂堂中医诊所,189.5,114.07865,22.65218
142,园东苑南区,商业服务,城市灯火百货超市(园东苑店),197.8,114.078732,22.652182
142,园东苑南区,公园绿地,雪象社区居委广场,379.1,114.076837,22.653441
143,象角塘村,地铁站,华为(地铁站),657.2,114.067171,22.650445
143,象角塘村,公交站,华为地铁站东(公交站),523.9,114.068136,22.650023
143,象角塘村,教育设施,梅沙第一幼儿园,729.6,114.068096,22.646682
143,象角塘村,医疗设施,深圳润德堂中医诊所,692.9,114.066609,22.651142
143,象角塘村,商业服务,MYJ便利店(象角塘村西二路店),232.7,114.070065,22.652138
143,象角塘村,公园绿地,坂田街道象角塘社区佳兆业中心广场,675.7,114.068628,22.652353
144,岗头新围仔,地铁站,岗头西(地铁站),98.7,114.06089,22.658405
144,岗头新围仔,公交站,岗头市场南(公交站),151.6,114.061188,22.659904
144,岗头新围仔,教育设施,梦翔多咕力(深圳)教育,2365.8,114.065216,22.645599
144,岗头新围仔,医疗设施,岗头社康中心,27.0,114.060538,22.658723
144,岗头新围仔,商业服务,美好生鲜蔬菜,137.1,114.059263,22.659599
144,岗头新围仔,公园绿地,岗头街心公园,141.7,114.061512,22.658215
145,御景华府,地铁站,雪象(地铁站),380.6,114.078808,22.657116
145,御景华府,公交站,宝吉路口(公交站),170.5,114.078885,22.660434
145,御景华府,教育设施,深圳市龙华区德风小学附属白鸽湖幼儿园,3593.7,114.087413,22.691449
145,御景华府,医疗设施,御仁堂中医诊所,479.1,114.076739,22.660709
145,御景华府,商业服务,优壹家便利店,81.1,114.080375,22.660475
145,御景华府,公园绿地,宝吉公园,252.0,114.07853,22.659397
146,岗头新围仔村新梅七巷11号,地铁站,岗头西(地铁站),98.7,114.06089,22.658405
146,岗头新围仔村新梅七巷11号,公交站,岗头市场南(公交站),151.6,114.061188,22.659904
146,岗头新围仔村新梅七巷11号,教育设施,梦翔多咕力(深圳)教育,2365.8,114.065216,22.645599
146,岗头新围仔村新梅七巷11号,医疗设施,岗头社康中心,27.0,114.060538,22.658723
146,岗头新围仔村新梅七巷11号,商业服务,美好生鲜蔬菜,137.1,114.059263,22.659599
146,岗头新围仔村新梅七巷11号,公园绿地,岗头街心公园,141.7,114.061512,22.658215
147,星和园,地铁站,雪象(地铁站),387.4,114.078808,22.657116
147,星和园,公交站,呈祥花园(公交站),166.6,114.081356,22.660447
147,星和园,教育设施,深圳市龙华区德风小学附属白鸽湖幼儿园,3587.0,114.087413,22.691449
147,星和园,医疗设施,御仁堂中医诊所,485.9,114.076739,22.660709
147,星和园,商业服务,优壹家便利店,74.4,114.080375,22.660475
147,星和园,公园绿地,宝吉公园,258.8,114.07853,22.659397
148,马蹄山小区2区,地铁站,华为(地铁站),880.2,114.067171,22.650445
148,马蹄山小区2区,公交站,象角塘西(公交站),395.1,114.068446,22.653194
148,马蹄山小区2区,教育设施,宝岗小学,472.4,114.065351,22.654695
148,马蹄山小区2区,医疗设施,瑞康堂中医综合诊所,69.4,114.066395,22.651803
148,马蹄山小区2区,商业服务,华创里购物中心,52.3,114.065845,22.651577
148,马蹄山小区2区,公园绿地,坂田街道象角塘社区佳兆业中心广场,394.9,114.068628,22.652353
149,沿河住宅区,地铁站,华为(地铁站),643.7,114.067171,22.650445
149,沿河住宅区,公交站,象角塘西(公交站),293.1,114.068446,22.653194
149,沿河住宅区,教育设施,宝岗小学,708.9,114.065351,22.654695
149,沿河住宅区,医疗设施,瑞康堂中医综合诊所,176.6,114.066395,22.651803
149,沿河住宅区,商业服务,华茂汇,95.2,114.068409,22.651803
149,沿河住宅区,公园绿地,坂田街道象角塘社区佳兆业中心广场,158.5,114.068628,22.652353
150,马蹄山村二巷十三号,地铁站,华为(地铁站),880.2,114.067171,22.650445
150,马蹄山村二巷十三号,公交站,象角塘西(公交站),395.1,114.068446,22.653194
150,马蹄山村二巷十三号,教育设施,宝岗小学,472.4,114.065351,22.654695
150,马蹄山村二巷十三号,医疗设施,瑞康堂中医综合诊所,69.4,114.066395,22.651803
150,马蹄山村二巷十三号,商业服务,华创里购物中心,52.3,114.065845,22.651577
150,马蹄山村二巷十三号,公园绿地,坂田街道象角塘社区佳兆业中心广场,394.9,114.068628,22.652353
151,富士嘉园,地铁站,岗头(地铁站),865.7,114.071895,22.657067
151,富士嘉园,公交站,天安云谷(公交站),155.2,114.0685,22.66102
151,富士嘉园,教育设施,深圳外国语学校(集团)湾区学校,962.8,114.070432,22.668388
151,富士嘉园,医疗设施,安贝康诊所·中医科,201.2,114.068694,22.660448
151,富士嘉园,商业服务,7-ELEVEn(天安云谷3栋店),145.2,114.068231,22.660172
151,富士嘉园,公园绿地,极创公园,207.4,114.068337,22.661794
152,岗头社区,地铁站,岗头西(地铁站),98.7,114.06089,22.658405
152,岗头社区,公交站,岗头市场南(公交站),151.6,114.061188,22.659904
152,岗头社区,教育设施,梦翔多咕力(深圳)教育,2365.8,114.065216,22.645599
152,岗头社区,医疗设施,岗头社康中心,27.0,114.060538,22.658723
152,岗头社区,商业服务,美好生鲜蔬菜,137.1,114.059263,22.659599
152,岗头社区,公园绿地,岗头街心公园,141.7,114.061512,22.658215
153,兴恒业五金厂宿舍楼,地铁站,岗头西(地铁站),98.7,114.06089,22.658405
153,兴恒业五金厂宿舍楼,公交站,岗头市场南(公交站),151.6,114.061188,22.659904
153,兴恒业五金厂宿舍楼,教育设施,梦翔多咕力(深圳)教育,2365.8,114.065216,22.645599
153,兴恒业五金厂宿舍楼,医疗设施,岗头社康中心,27.0,114.060538,22.658723
153,兴恒业五金厂宿舍楼,商业服务,美好生鲜蔬菜,137.1,114.059263,22.659599
153,兴恒业五金厂宿舍楼,公园绿地,岗头街心公园,141.7,114.061512,22.658215
154,下围南三巷11号,地铁站,雪象(地铁站),387.4,114.078808,22.657116
154,下围南三巷11号,公交站,呈祥花园(公交站),166.6,114.081356,22.660447
154,下围南三巷11号,教育设施,深圳市龙华区德风小学附属白鸽湖幼儿园,3587.0,114.087413,22.691449
154,下围南三巷11号,医疗设施,御仁堂中医诊所,485.9,114.076739,22.660709
154,下围南三巷11号,商业服务,优壹家便利店,74.4,114.080375,22.660475
154,下围南三巷11号,公园绿地,宝吉公园,258.8,114.07853,22.659397
155,马蹄山村二巷11号,地铁站,华为(地铁站),815.5,114.067171,22.650445
155,马蹄山村二巷11号,公交站,象角塘西(公交站),330.5,114.068446,22.653194
155,马蹄山村二巷11号,教育设施,宝岗小学,537.1,114.065351,22.654695
155,马蹄山村二巷11号,医疗设施,瑞康堂中医综合诊所,4.8,114.066395,22.651803
155,马蹄山村二巷11号,商业服务,钱大妈(马蹄山三区三巷店),36.3,114.066375,22.652172
155,马蹄山村二巷11号,公园绿地,坂田街道象角塘社区佳兆业中心广场,330.3,114.068628,22.652353
156,马蹄山小区,地铁站,华为(地铁站),1076.3,114.067171,22.650445
156,马蹄山小区,公交站,象角塘西(公交站),591.3,114.068446,22.653194
156,马蹄山小区,教育设施,宝岗小学,276.3,114.065351,22.654695
156,马蹄山小区,医疗设施,瑞康堂中医综合诊所,265.6,114.066395,22.651803
156,马蹄山小区,商业服务,华创里购物中心,248.5,114.065845,22.651577
156,马蹄山小区,公园绿地,坂田街道象角塘社区佳兆业中心广场,591.1,114.068628,22.652353
157,新梅五巷14号,地铁站,岗头西(地铁站),98.7,114.06089,22.658405
157,新梅五巷14号,公交站,岗头市场南(公交站),151.6,114.061188,22.659904
157,新梅五巷14号,教育设施,梦翔多咕力(深圳)教育,2365.8,114.065216,22.645599
157,新梅五巷14号,医疗设施,岗头社康中心,27.0,114.060538,22.658723
157,新梅五巷14号,商业服务,美好生鲜蔬菜,137.1,114.059263,22.659599
157,新梅五巷14号,公园绿地,岗头街心公园,141.7,114.061512,22.658215
158,坂田街道象角塘村西八巷五号,地铁站,华为(地铁站),537.0,114.067171,22.650445
158,坂田街道象角塘村西八巷五号,公交站,华为地铁站东(公交站),403.7,114.068136,22.650023
158,坂田街道象角塘村西八巷五号,教育设施,梅沙第一幼儿园,609.4,114.068096,22.646682
158,坂田街道象角塘村西八巷五号,医疗设施,深圳润德堂中医诊所,572.7,114.066609,22.651142
158,坂田街道象角塘村西八巷五号,商业服务,MYJ便利店(象角塘村西二路店),172.5,114.070065,22.652138
158,坂田街道象角塘村西八巷五号,公园绿地,坂田街道象角塘社区佳兆业中心广场,555.5,114.068628,22.652353
159,帝利花园,地铁站,岗头(地铁站),3273.2,114.071895,22.657067
159,帝利花园,公交站,坂田中浩园东苑总站(公交站),393.7,114.080019,22.6521
159,帝利花园,教育设施,立雪小学,497.0,114.080063,22.650838
159,帝利花园,医疗设施,坂田公共卫生服务中心,539.2,114.079287,22.653191
159,帝利花园,商业服务,美佳旺生活超市(下雪分店),48.3,114.080914,22.651407
159,帝利花园,公园绿地,雪象社区居委广场,858.6,114.076837,22.653441
160,德翔公寓,地铁站,岗头西(地铁站),98.7,114.06089,22.658405
160,德翔公寓,公交站,岗头市场南(公交站),151.6,114.061188,22.659904
160,德翔公寓,教育设施,梦翔多咕力(深圳)教育,2365.8,114.065216,22.645599
160,德翔公寓,医疗设施,岗头社康中心,27.0,114.060538,22.658723
160,德翔公寓,商业服务,美好生鲜蔬菜,137.1,114.059263,22.659599
160,德翔公寓,公园绿地,岗头街心公园,141.7,114.061512,22.658215
161,马蹄山二巷十号,地铁站,华为(地铁站),815.5,114.067171,22.650445
161,马蹄山二巷十号,公交站,象角塘西(公交站),330.5,114.068446,22.653194
161,马蹄山二巷十号,教育设施,宝岗小学,537.1,114.065351,22.654695
161,马蹄山二巷十号,医疗设施,瑞康堂中医综合诊所,4.8,114.066395,22.651803
161,马蹄山二巷十号,商业服务,钱大妈(马蹄山三区三巷店),36.3,114.066375,22.652172
161,马蹄山二巷十号,公园绿地,坂田街道象角塘社区佳兆业中心广场,330.3,114.068628,22.652353
162,鑫鼎盛福心企宿舍,地铁站,岗头西(地铁站),98.7,114.06089,22.658405
162,鑫鼎盛福心企宿舍,公交站,岗头市场南(公交站),151.6,114.061188,22.659904
162,鑫鼎盛福心企宿舍,教育设施,梦翔多咕力(深圳)教育,2365.8,114.065216,22.645599
162,鑫鼎盛福心企宿舍,医疗设施,岗头社康中心,27.0,114.060538,22.658723
162,鑫鼎盛福心企宿舍,商业服务,美好生鲜蔬菜,137.1,114.059263,22.659599
162,鑫鼎盛福心企宿舍,公园绿地,岗头街心公园,141.7,114.061512,22.658215
163,中境公寓,地铁站,岗头(地铁站),865.7,114.071895,22.657067
163,中境公寓,公交站,天安云谷(公交站),155.2,114.0685,22.66102
163,中境公寓,教育设施,深圳外国语学校(集团)湾区学校,962.8,114.070432,22.668388
163,中境公寓,医疗设施,安贝康诊所·中医科,201.2,114.068694,22.660448
163,中境公寓,商业服务,7-ELEVEn(天安云谷3栋店),145.2,114.068231,22.660172
163,中境公寓,公园绿地,极创公园,207.4,114.068337,22.661794
164,马蹄山村七巷七号,地铁站,华为(地铁站),880.2,114.067171,22.650445
164,马蹄山村七巷七号,公交站,象角塘西(公交站),395.1,114.068446,22.653194
164,马蹄山村七巷七号,教育设施,宝岗小学,472.4,114.065351,22.654695
164,马蹄山村七巷七号,医疗设施,瑞康堂中医综合诊所,69.4,114.066395,22.651803
164,马蹄山村七巷七号,商业服务,华创里购物中心,52.3,114.065845,22.651577
164,马蹄山村七巷七号,公园绿地,坂田街道象角塘社区佳兆业中心广场,394.9,114.068628,22.652353
165,深圳市海威机电有限公司宿舍,地铁站,岗头(地铁站),915.6,114.071895,22.657067
165,深圳市海威机电有限公司宿舍,公交站,赣锋科技大厦公交首末站(公交站),338.6,114.072131,22.648542
165,深圳市海威机电有限公司宿舍,教育设施,深圳市龙岗区坂田长青幼儿园,1556.1,114.073709,22.645689
165,深圳市海威机电有限公司宿舍,医疗设施,深圳王昌丽诊所,743.6,114.070826,22.655645
165,深圳市海威机电有限公司宿舍,商业服务,邻万仓精品超市,273.7,114.072375,22.649725
165,深圳市海威机电有限公司宿舍,公园绿地,禾坪岗康乐广场,1164.9,114.067862,22.656735
166,雪象花园新村,地铁站,岗头(地铁站),891.1,114.071895,22.657067
166,雪象花园新村,公交站,赣锋科技大厦公交首末站(公交站),774.1,114.072131,22.648542
166,雪象花园新村,教育设施,深圳市龙岗区坂田长青幼儿园,1120.6,114.073709,22.645689
166,雪象花园新村,医疗设施,深圳王昌丽诊所,719.0,114.070826,22.655645
166,雪象花园新村,商业服务,深威百货商店(雪象花园新村店),73.5,114.075171,22.650542
166,雪象花园新村,公园绿地,禾坪岗康乐广场,1140.3,114.067862,22.656735
167,减肥达人龙华营地宿舍楼,地铁站,岗头(地铁站),865.7,114.071895,22.657067
167,减肥达人龙华营地宿舍楼,公交站,天安云谷(公交站),155.2,114.0685,22.66102
167,减肥达人龙华营地宿舍楼,教育设施,深圳外国语学校(集团)湾区学校,962.8,114.070432,22.668388
167,减肥达人龙华营地宿舍楼,医疗设施,安贝康诊所·中医科,201.2,114.068694,22.660448
167,减肥达人龙华营地宿舍楼,商业服务,7-ELEVEn(天安云谷3栋店),145.2,114.068231,22.660172
167,减肥达人龙华营地宿舍楼,公园绿地,极创公园,207.4,114.068337,22.661794
168,福满楼,地铁站,华为(地铁站),1076.3,114.067171,22.650445
168,福满楼,公交站,象角塘西(公交站),591.3,114.068446,22.653194
168,福满楼,教育设施,宝岗小学,276.3,114.065351,22.654695
168,福满楼,医疗设施,瑞康堂中医综合诊所,265.6,114.066395,22.651803
168,福满楼,商业服务,华创里购物中心,248.5,114.065845,22.651577
168,福满楼,公园绿地,坂田街道象角塘社区佳兆业中心广场,591.1,114.068628,22.652353
169,天赐楼,地铁站,华为(地铁站),762.8,114.067171,22.650445
169,天赐楼,公交站,象角塘西(公交站),277.8,114.068446,22.653194
169,天赐楼,教育设施,宝岗小学,589.8,114.065351,22.654695
169,天赐楼,医疗设施,瑞康堂中医综合诊所,57.5,114.066395,22.651803
169,天赐楼,商业服务,钱大妈(马蹄山三区三巷店),89.0,114.066375,22.652172
169,天赐楼,公园绿地,坂田街道象角塘社区佳兆业中心广场,277.6,114.068628,22.652353
170,龙华区观湖街道樟坑径下围南4巷13-2号,地铁站,雪象(地铁站),380.6,114.078808,22.657116
170,龙华区观湖街道樟坑径下围南4巷13-2号,公交站,宝吉路口(公交站),170.5,114.078885,22.660434
170,龙华区观湖街道樟坑径下围南4巷13-2号,教育设施,深圳市龙华区德风小学附属白鸽湖幼儿园,3593.7,114.087413,22.691449
170,龙华区观湖街道樟坑径下围南4巷13-2号,医疗设施,御仁堂中医诊所,479.1,114.076739,22.660709
170,龙华区观湖街道樟坑径下围南4巷13-2号,商业服务,优壹家便利店,81.1,114.080375,22.660475
170,龙华区观湖街道樟坑径下围南4巷13-2号,公园绿地,宝吉公园,252.0,114.07853,22.659397
171,康冠科技有限公司3A栋宿舍,地铁站,岗头西(地铁站),98.7,114.06089,22.658405
171,康冠科技有限公司3A栋宿舍,公交站,岗头市场南(公交站),151.6,114.061188,22.659904
171,康冠科技有限公司3A栋宿舍,教育设施,梦翔多咕力(深圳)教育,2365.8,114.065216,22.645599
171,康冠科技有限公司3A栋宿舍,医疗设施,岗头社康中心,27.0,114.060538,22.658723
171,康冠科技有限公司3A栋宿舍,商业服务,美好生鲜蔬菜,137.1,114.059263,22.659599
171,康冠科技有限公司3A栋宿舍,公园绿地,岗头街心公园,141.7,114.061512,22.658215
172,红林雅居,地铁站,岗头(地铁站),865.7,114.071895,22.657067
172,红林雅居,公交站,天安云谷(公交站),155.2,114.0685,22.66102
172,红林雅居,教育设施,深圳外国语学校(集团)湾区学校,962.8,114.070432,22.668388
172,红林雅居,医疗设施,安贝康诊所·中医科,201.2,114.068694,22.660448
172,红林雅居,商业服务,7-ELEVEn(天安云谷3栋店),145.2,114.068231,22.660172
172,红林雅居,公园绿地,极创公园,207.4,114.068337,22.661794
173,盛世公寓,地铁站,岗头西(地铁站),98.7,114.06089,22.658405
173,盛世公寓,公交站,岗头市场南(公交站),151.6,114.061188,22.659904
173,盛世公寓,教育设施,梦翔多咕力(深圳)教育,2365.8,114.065216,22.645599
173,盛世公寓,医疗设施,岗头社康中心,27.0,114.060538,22.658723
173,盛世公寓,商业服务,美好生鲜蔬菜,137.1,114.059263,22.659599
173,盛世公寓,公园绿地,岗头街心公园,141.7,114.061512,22.658215
174,下围南四巷13-3号,地铁站,雪象(地铁站),387.4,114.078808,22.657116
174,下围南四巷13-3号,公交站,呈祥花园(公交站),166.6,114.081356,22.660447
174,下围南四巷13-3号,教育设施,深圳市龙华区德风小学附属白鸽湖幼儿园,3587.0,114.087413,22.691449
174,下围南四巷13-3号,医疗设施,御仁堂中医诊所,485.9,114.076739,22.660709
174,下围南四巷13-3号,商业服务,优壹家便利店,74.4,114.080375,22.660475
174,下围南四巷13-3号,公园绿地,宝吉公园,258.8,114.07853,22.659397
